{"stats":{"minecraft:custom":{"lootr:looted_stat":16,"minecraft:mob_kills":60,"minecraft:interact_with_crafting_table":98,"minecraft:damage_dealt_resisted":0,"minecraft:leave_game":19,"minecraft:time_since_death":412460,"minecraft:damage_resisted":0,"minecraft:climb_one_cm":48,"minecraft:sprint_one_cm":1116388,"minecraft:damage_blocked_by_shield":480,"minecraft:walk_one_cm":749666,"minecraft:drop":34,"minecraft:play_time":425733,"minecraft:sneak_time":3208,"minecraft:talked_to_villager":24,"minecraft:deaths":1,"minecraft:walk_under_water_one_cm":2408,"minecraft:boat_one_cm":190744,"minecraft:jump":5004,"minecraft:walk_on_water_one_cm":10830,"minecraft:total_world_time":425733,"minecraft:interact_with_furnace":63,"minecraft:traded_with_villager":1,"minecraft:interact_with_stonecutter":22,"minecraft:sleep_in_bed":23,"minecraft:time_since_rest":8677,"minecraft:damage_taken":1339,"minecraft:damage_absorbed":510,"minecraft:damage_dealt":8758,"minecraft:swim_one_cm":14026,"minecraft:fly_one_cm":1099374,"minecraft:open_chest":218,"minecraft:crouch_one_cm":4677,"minecraft:fall_one_cm":119022},"minecraft:picked_up":{"minecraft:crafting_table":7,"minecraft:azure_bluet":2,"minecraft:chicken":10,"minecraft:flower_pot":8,"minecraft:lead":10,"minecraft:stone_brick_stairs":18,"botania:light_blue_double_flower":1,"minecraft:cornflower":2,"minecraft:raw_copper":27,"minecraft:iron_axe":1,"minecraft:flint_and_steel":1,"mahoutsukai:scroll_mystic_staff":1,"minecraft:item_frame":1,"minecraft:white_carpet":1,"botania:magenta_mystical_flower":3,"minecraft:red_sand":1,"botania:diluted_pool":1,"minecraft:cobbled_deepslate":664,"botania:pure_daisy":7,"minecraft:spruce_planks":3,"minecraft:beef":19,"minecraft:cobblestone_slab":43,"ars_nouveau:mendosteen_pod":1,"minecraft:jungle_sapling":2,"minecraft:poppy":6,"minecraft:lectern":1,"minecraft:melon_slice":69,"minecraft:sugar_cane":18,"minecraft:furnace":2,"minecraft:egg":13,"minecraft:stick":75,"minecraft:raw_iron":15,"minecraft:sandstone":9,"apotheosis:gem":4,"minecraft:acacia_fence":8,"minecraft:torch":33,"botania:yellow_mystical_flower":4,"minecraft:acacia_log":168,"minecraft:porkchop":16,"minecraft:diorite":87,"minecraft:redstone":45,"minecraft:stone_pressure_plate":1,"botania:white_mystical_flower":8,"ars_nouveau:green_archwood_log":158,"gobber2:gobber2_foo":3,"minecraft:tnt":28,"botania:orange_double_flower":1,"minecraft:rotten_flesh":5,"botania:lime_mystical_flower":8,"botania:light_gray_mystical_flower":2,"botania:livingrock":46,"botania:blue_mystical_flower":7,"botania:livingwood_log":18,"minecraft:white_terracotta":27,"botania:blue_double_flower":2,"botania:green_mystical_flower":2,"minecraft:obsidian":16,"minecraft:mutton":13,"minecraft:iron_bars":2,"minecraft:white_wool":10,"minecraft:cobblestone":417,"minecraft:oxeye_daisy":1,"minecraft:jungle_boat":13,"minecraft:feather":9,"minecraft:andesite":13,"minecraft:jungle_log":10,"gobber2:gobber2_gooey_beefstew":1,"minecraft:cut_sandstone":10,"minecraft:leather":20,"minecraft:tuff":11,"minecraft:oak_log":38,"minecraft:lapis_lazuli":52,"minecraft:dirt":1137,"botania:light_blue_mystical_flower":8,"botania:black_mystical_flower":5,"minecraft:orange_terracotta":3,"ars_nouveau:green_archwood_sapling":30,"minecraft:acacia_planks":32,"botania:cyan_mystical_flower":2,"minecraft:apple":2,"minecraft:wheat_seeds":58,"gobber2:gobber2_gooey_beef":7,"botania:pink_mystical_flower":10,"minecraft:raw_gold":6,"botania:purple_mystical_flower":7,"minecraft:rabbit_hide":1,"minecraft:iron_ingot":1,"gobber2:gobber2_globette":20,"minecraft:rabbit":1,"minecraft:oak_planks":53,"minecraft:acacia_sapling":54,"gobber2:gobber2_gooey_bread":13,"minecraft:book":105,"botania:red_mystical_flower":7,"minecraft:stone_brick_slab":5,"botania:pink_double_flower":1,"minecraft:dandelion":1,"minecraft:jungle_planks":6,"botania:blue_petal":2,"minecraft:white_bed":6,"minecraft:lily_of_the_valley":6,"minecraft:light_gray_terracotta":27,"minecraft:diamond":9,"botania:orange_mystical_flower":8,"minecraft:granite":13,"minecraft:oak_sapling":20,"botania:brown_mystical_flower":10,"minecraft:coal":134,"gobber2:gobber2_goo":15},"minecraft:crafted":{"minecraft:jungle_button":1,"minecraft:oak_planks":172,"minecraft:stone_shovel":16,"mahoutsukai:guidebook":1,"ars_nouveau:archwood_planks":60,"minecraft:iron_nugget":36,"botania:purple_petal":6,"minecraft:cooked_chicken":5,"minecraft:furnace":8,"botania:mana_pool":1,"botania:livingrock_slab":6,"botania:blue_petal":2,"minecraft:stone":143,"minecraft:bookshelf":21,"minecraft:white_carpet":3,"mahoutsukai:dagger":1,"gobber2:gobber2_glob":2,"minecraft:lantern":4,"minecraft:diamond":1,"minecraft:stone_brick_slab":22,"botania:white_petal":8,"minecraft:stone_pickaxe":9,"botania:diluted_pool":1,"minecraft:chest":7,"mahoutsukai:hammer":1,"minecraft:acacia_fence":201,"mahoutsukai:powdered_gold":2,"gobber2:gobber2_pickaxe":1,"minecraft:magenta_dye":6,"minecraft:wheat":99,"botania:pink_petal":4,"minecraft:coal_block":10,"minecraft:red_dye":5,"sophisticatedbackpacks:backpack":1,"gobber2:gobber2_ingot":6,"minecraft:crafting_table":5,"minecraft:enchanting_table":1,"minecraft:wooden_pickaxe":1,"gobber2:gobber2_rod":2,"botania:lexicon":1,"minecraft:bucket":1,"minecraft:campfire":2,"minecraft:stone_axe":2,"minecraft:air":0,"minecraft:bread":38,"mahoutsukai:spell_cloth":16,"minecraft:jungle_planks":40,"minecraft:stone_brick_stairs":18,"minecraft:iron_chestplate":1,"minecraft:paper":9,"minecraft:golden_apple":2,"minecraft:charcoal":23,"minecraft:purple_dye":4,"minecraft:shield":1,"mahoutsukai:powdered_diamond":1,"minecraft:stick":196,"minecraft:iron_ingot":15,"botania:magenta_petal":6,"minecraft:gold_ingot":6,"minecraft:stonecutter":1,"minecraft:white_bed":1,"botania:apothecary_default":1,"minecraft:acacia_planks":500,"minecraft:torch":188},"minecraft:mined":{"minecraft:tuff":11,"minecraft:spruce_planks":4,"minecraft:white_bed":6,"botania:orange_double_flower":1,"minecraft:deepslate_diamond_ore":9,"botania:red_mystical_flower":7,"mahoutsukai:spell_cloth":3,"botania:pink_double_flower":1,"minecraft:obsidian":17,"minecraft:granite":13,"minecraft:acacia_log":175,"minecraft:red_sand":1,"botania:livingwood_log":18,"minecraft:grass_block":541,"minecraft:jungle_planks":3,"gobber2:gobber2_lucky_block":24,"minecraft:jungle_log":10,"minecraft:oxeye_daisy":1,"minecraft:sandstone":9,"botania:light_gray_mystical_flower":2,"minecraft:redstone_ore":6,"botania:purple_mystical_flower":7,"botania:magenta_mystical_flower":3,"minecraft:furnace":2,"minecraft:iron_ore":9,"minecraft:cobbled_deepslate":8,"minecraft:andesite":14,"botania:lime_double_flower":1,"minecraft:azure_bluet":2,"minecraft:dirt_path":93,"minecraft:vine":2,"minecraft:bookshelf":35,"minecraft:iron_bars":4,"botania:livingrock":46,"minecraft:cobblestone_slab":43,"minecraft:deepslate_iron_ore":6,"botania:pure_daisy":5,"minecraft:potted_cornflower":2,"botania:brown_mystical_flower":11,"minecraft:stone":375,"botania:light_blue_double_flower":1,"botania:light_blue_mystical_flower":8,"botania:green_mystical_flower":2,"minecraft:deepslate_redstone_ore":4,"minecraft:cut_sandstone":10,"botania:lime_mystical_flower":8,"botania:orange_mystical_flower":9,"ars_nouveau:green_archwood_log":158,"botania:diluted_pool":1,"minecraft:potted_lily_of_the_valley":9,"minecraft:orange_terracotta":3,"minecraft:stone_brick_slab":4,"minecraft:dandelion":1,"minecraft:crafting_table":7,"minecraft:torch":2,"minecraft:light_gray_terracotta":27,"minecraft:poppy":6,"minecraft:melon":14,"minecraft:copper_ore":8,"minecraft:lectern":1,"mahoutsukai:mahoujin":3,"minecraft:tall_grass":63,"minecraft:cobblestone":11,"botania:blue_mystical_flower":8,"minecraft:deepslate_gold_ore":6,"minecraft:lapis_ore":8,"minecraft:oak_planks":7,"minecraft:sugar_cane":3,"botania:black_mystical_flower":5,"minecraft:wall_torch":22,"minecraft:diorite":56,"botania:blue_double_flower":2,"botania:pink_mystical_flower":10,"minecraft:white_terracotta":27,"botania:cyan_mystical_flower":2,"botania:red_double_flower":2,"ars_nouveau:green_archwood_sapling":2,"minecraft:white_carpet":1,"minecraft:tnt":29,"gobber2:gobber2_lucky_block_deepslate":15,"minecraft:stone_brick_stairs":18,"minecraft:grass":313,"botania:yellow_mystical_flower":4,"minecraft:coal_ore":135,"botania:white_mystical_flower":8,"minecraft:oak_log":38,"minecraft:acacia_fence":8,"minecraft:dirt":438,"minecraft:acacia_planks":33,"minecraft:deepslate":561,"minecraft:oak_leaves":4,"minecraft:fern":9},"minecraft:used":{"mahoutsukai:spell_cloth":4,"minecraft:enchanting_table":1,"gobber2:gobber2_goo":15,"minecraft:acacia_log":18,"minecraft:flint_and_steel":7,"minecraft:stone_shovel":1682,"gobber2:gobber2_gooey_bread":5,"minecraft:chest":6,"minecraft:shield":8,"minecraft:iron_sword":247,"minecraft:stone":49,"minecraft:cooked_chicken":9,"minecraft:torch":173,"minecraft:dirt":239,"minecraft:white_carpet":3,"minecraft:jungle_planks":3,"minecraft:obsidian":10,"minecraft:stone_brick_slab":21,"minecraft:bookshelf":20,"minecraft:lantern":4,"minecraft:iron_axe":549,"ars_nouveau:green_archwood_sapling":8,"minecraft:stone_brick_stairs":45,"gobber2:gobber2_gooey_beef":3,"minecraft:stone_bricks":4,"botania:mana_pool":1,"minecraft:furnace":10,"minecraft:acacia_fence":141,"minecraft:egg":1,"minecraft:cobbled_deepslate":137,"minecraft:acacia_planks":33,"minecraft:water_bucket":20,"gobber2:gobber2_pickaxe":121,"minecraft:stone_pickaxe":1140,"minecraft:wooden_pickaxe":15,"minecraft:sugar_cane":9,"minecraft:stonecutter":1,"minecraft:cobblestone_slab":43,"botania:diluted_pool":1,"minecraft:jungle_boat":13,"minecraft:white_bed":7,"minecraft:tnt":6,"minecraft:crafting_table":11,"minecraft:campfire":2,"botania:apothecary_default":1,"minecraft:apple":1,"minecraft:iron_pickaxe":309,"minecraft:melon_slice":40,"minecraft:bread":22,"minecraft:stone_axe":241,"minecraft:cobblestone":28,"botania:pure_daisy":5,"minecraft:andesite":4,"minecraft:bucket":23},"minecraft:broken":{"minecraft:stone_pickaxe":8,"minecraft:iron_axe":1,"minecraft:stone_shovel":11},"minecraft:dropped":{"minecraft:iron_ingot":1,"minecraft:wheat_seeds":4,"minecraft:jungle_planks":3,"minecraft:emerald":1,"minecraft:dirt":43,"minecraft:iron_axe":1,"botania:white_petal":20,"minecraft:flint_and_steel":1,"botania:blue_petal":2},"minecraft:killed":{"minecraft:zombified_piglin":1,"minecraft:spider":2,"minecraft:chicken":10,"minecraft:pig":8,"minecraft:rabbit":1,"minecraft:wandering_trader":2,"minecraft:sheep":11,"minecraft:trader_llama":8,"minecraft:zombie":4,"minecraft:donkey":1,"minecraft:cow":11}},"DataVersion":3465}