{"stats":{"minecraft:used":{"minecraft:water_bucket":2,"minecraft:stone_shovel":51,"minecraft:stone_pickaxe":228,"minecraft:chest":2,"minecraft:wooden_pickaxe":15,"minecraft:cooked_chicken":5,"minecraft:jungle_boat":3,"minecraft:torch":21,"minecraft:dirt":54,"minecraft:crafting_table":5,"minecraft:jungle_planks":3,"minecraft:white_bed":1,"minecraft:iron_axe":54,"minecraft:melon_slice":20,"minecraft:stone_axe":113,"minecraft:cobblestone":15,"minecraft:furnace":1,"minecraft:bucket":2},"minecraft:picked_up":{"minecraft:jungle_boat":3,"minecraft:crafting_table":3,"minecraft:feather":9,"minecraft:chicken":9,"minecraft:flower_pot":2,"minecraft:jungle_log":10,"minecraft:cut_sandstone":10,"minecraft:leather":13,"minecraft:oak_log":28,"minecraft:cornflower":1,"minecraft:dirt":179,"minecraft:orange_terracotta":3,"minecraft:wheat_seeds":7,"minecraft:red_sand":1,"minecraft:beef":19,"minecraft:jungle_sapling":2,"minecraft:melon_slice":69,"minecraft:oak_planks":53,"minecraft:egg":11,"minecraft:book":42,"minecraft:stick":17,"minecraft:raw_iron":4,"minecraft:sandstone":9,"minecraft:torch":5,"minecraft:porkchop":5,"minecraft:jungle_planks":6,"minecraft:lily_of_the_valley":1,"minecraft:stone_pressure_plate":1,"minecraft:light_gray_terracotta":27,"minecraft:tnt":17,"minecraft:white_terracotta":27,"minecraft:oak_sapling":15,"minecraft:mutton":8,"minecraft:coal":20,"minecraft:white_wool":6,"minecraft:cobblestone":91},"minecraft:broken":{"minecraft:stone_pickaxe":1},"minecraft:killed":{"minecraft:pig":3,"minecraft:sheep":6,"minecraft:chicken":9,"minecraft:cow":11},"minecraft:crafted":{"minecraft:oak_planks":132,"minecraft:stone_shovel":1,"sophisticatedbackpacks:backpack":1,"minecraft:crafting_table":2,"minecraft:wooden_pickaxe":1,"minecraft:cooked_chicken":5,"minecraft:furnace":1,"minecraft:bucket":1,"minecraft:stone_axe":1,"minecraft:bookshelf":17,"minecraft:air":0,"minecraft:jungle_planks":36,"minecraft:iron_chestplate":1,"minecraft:golden_apple":2,"minecraft:shield":1,"minecraft:stick":12,"minecraft:iron_ingot":4,"minecraft:stone_pickaxe":4,"minecraft:chest":4,"minecraft:white_bed":1,"minecraft:acacia_planks":36,"minecraft:torch":36},"minecraft:dropped":{"minecraft:jungle_planks":3,"minecraft:dirt":43},"minecraft:mined":{"minecraft:cut_sandstone":10,"minecraft:potted_lily_of_the_valley":3,"minecraft:orange_terracotta":3,"minecraft:crafting_table":3,"minecraft:torch":1,"minecraft:light_gray_terracotta":27,"minecraft:red_sand":1,"minecraft:grass_block":6,"minecraft:melon":14,"minecraft:jungle_planks":3,"minecraft:jungle_log":10,"minecraft:cobblestone":1,"minecraft:oak_planks":5,"minecraft:sandstone":9,"minecraft:wall_torch":2,"minecraft:white_terracotta":27,"minecraft:iron_ore":4,"minecraft:tnt":17,"minecraft:grass":29,"minecraft:bookshelf":14,"minecraft:coal_ore":20,"minecraft:oak_log":28,"minecraft:vine":2,"minecraft:dirt":130,"minecraft:potted_cornflower":1,"minecraft:stone":90,"minecraft:fern":9},"minecraft:custom":{"minecraft:interact_with_furnace":4,"lootr:looted_stat":6,"minecraft:mob_kills":29,"minecraft:interact_with_crafting_table":27,"minecraft:leave_game":13,"minecraft:time_since_death":63183,"minecraft:sleep_in_bed":2,"minecraft:climb_one_cm":48,"minecraft:time_since_rest":6349,"minecraft:sprint_one_cm":121693,"minecraft:damage_taken":430,"minecraft:walk_one_cm":70243,"minecraft:drop":4,"minecraft:damage_dealt":2240,"minecraft:swim_one_cm":509,"minecraft:talked_to_villager":1,"minecraft:fly_one_cm":224213,"minecraft:open_chest":18,"minecraft:crouch_one_cm":730,"minecraft:play_time":76456,"minecraft:deaths":1,"minecraft:sneak_time":408,"minecraft:walk_under_water_one_cm":110,"minecraft:boat_one_cm":19485,"minecraft:jump":937,"minecraft:walk_on_water_one_cm":909,"minecraft:total_world_time":76456,"minecraft:fall_one_cm":27897}},"DataVersion":3465}