{"stats":{"minecraft:crafted":{"minecraft:crafting_table":1,"minecraft:stick":8,"minecraft:iron_ingot":3,"minecraft:wooden_pickaxe":1,"minecraft:stone_pickaxe":1,"minecraft:furnace":1,"minecraft:white_bed":1,"minecraft:torch":28,"minecraft:stone_axe":1,"minecraft:air":0,"minecraft:jungle_planks":28},"minecraft:used":{"minecraft:melon_slice":7,"minecraft:stone_pickaxe":56,"minecraft:wooden_pickaxe":15,"minecraft:stone_axe":112,"minecraft:torch":2,"minecraft:cobblestone":12,"minecraft:crafting_table":3,"minecraft:furnace":1,"minecraft:jungle_planks":3},"minecraft:mined":{"minecraft:iron_ore":4,"minecraft:crafting_table":2,"minecraft:grass":28,"minecraft:grass_block":1,"minecraft:coal_ore":20,"minecraft:oak_log":28,"minecraft:melon":14,"minecraft:jungle_planks":3,"minecraft:vine":2,"minecraft:jungle_log":10,"minecraft:dirt":19,"minecraft:stone":27,"minecraft:fern":8},"minecraft:killed":{"minecraft:sheep":6,"minecraft:pig":3,"minecraft:chicken":9},"minecraft:picked_up":{"minecraft:raw_iron":4,"minecraft:stick":17,"minecraft:crafting_table":2,"minecraft:feather":9,"minecraft:chicken":9,"minecraft:jungle_log":10,"minecraft:porkchop":5,"minecraft:jungle_planks":3,"minecraft:oak_log":28,"minecraft:dirt":20,"minecraft:wheat_seeds":7,"minecraft:jungle_sapling":2,"minecraft:oak_sapling":15,"minecraft:melon_slice":69,"minecraft:mutton":8,"minecraft:coal":20,"minecraft:white_wool":6,"minecraft:cobblestone":27,"minecraft:egg":11},"minecraft:custom":{"minecraft:time_since_rest":5517,"minecraft:interact_with_furnace":2,"minecraft:sprint_one_cm":49625,"minecraft:damage_taken":220,"minecraft:walk_one_cm":19950,"minecraft:mob_kills":18,"minecraft:damage_dealt":1140,"minecraft:interact_with_crafting_table":9,"minecraft:fly_one_cm":102551,"minecraft:play_time":18745,"minecraft:deaths":1,"minecraft:jump":387,"minecraft:time_since_death":5472,"minecraft:total_world_time":18745,"minecraft:climb_one_cm":48,"minecraft:fall_one_cm":9895}},"DataVersion":3465}