{"stats":{"minecraft:picked_up":{"minecraft:seagrass":1,"minecraft:flower_pot":22,"minecraft:lead":14,"minecraft:acacia_pressure_plate":2,"minecraft:stone_brick_stairs":20,"botania:light_blue_double_flower":2,"minecraft:string":2,"minecraft:soul_soil":9,"minecraft:raw_copper":27,"mahoutsukai:scroll_mystic_staff":1,"minecraft:iron_leggings":1,"minecraft:red_sand":1,"minecraft:gold_nugget":1,"minecraft:cobbled_deepslate":1494,"minecraft:spruce_planks":11,"minecraft:cobblestone_slab":43,"minecraft:ender_eye":1,"ars_nouveau:mendosteen_pod":1,"minecraft:iron_pickaxe":1,"minecraft:melon_slice":69,"minecraft:furnace":6,"minecraft:stick":109,"apotheosis:gem":6,"botania:cyan_double_flower":2,"minecraft:acacia_fence":8,"minecraft:acacia_log":168,"minecraft:torch":88,"botania:yellow_mystical_flower":12,"botania:redstone_spreader":5,"minecraft:porkchop":16,"minecraft:cherry_log":44,"minecraft:diorite":292,"botania:white_mystical_flower":26,"gobber2:gobber2_foo":5,"minecraft:orange_bed":2,"botania:manasteel_ingot":4,"minecraft:rotten_flesh":15,"botania:orange_double_flower":1,"botania:light_gray_mystical_flower":9,"botania:livingrock":59,"ars_nouveau:worn_notebook":1,"botania:livingwood_log":50,"minecraft:white_terracotta":27,"botania:blue_double_flower":3,"minecraft:obsidian":28,"minecraft:iron_bars":9,"minecraft:cobblestone":1322,"minecraft:nautilus_shell":1,"minecraft:pink_petals":36,"minecraft:feather":9,"minecraft:andesite":28,"minecraft:jungle_log":10,"minecraft:flint":9,"minecraft:tuff":18,"gobber2:gobber2_gooey_bread_nether":1,"minecraft:acacia_boat":18,"minecraft:lapis_lazuli":114,"minecraft:dirt":1229,"botania:livingrock_slab":1,"botania:white_double_flower":1,"botania:mana_diamond":3,"minecraft:bone":3,"minecraft:acacia_planks":36,"botania:cyan_mystical_flower":9,"minecraft:stonecutter":1,"minecraft:wheat_seeds":72,"minecraft:bow":2,"gobber2:gobber2_gooey_beef":18,"botania:pink_mystical_flower":23,"minecraft:raw_gold":55,"botania:purple_mystical_flower":24,"gobber2:gobber2_globette":60,"minecraft:rabbit":1,"minecraft:oak_planks":55,"botania:mana_pool":3,"gobber2:gobber2_gooey_bread":35,"botania:red_mystical_flower":17,"botania:pink_double_flower":1,"minecraft:jungle_planks":6,"minecraft:sand":1,"botania:blue_petal":2,"minecraft:lily_of_the_valley":16,"minecraft:light_gray_terracotta":27,"minecraft:diamond":17,"minecraft:granite":63,"minecraft:emerald":1,"minecraft:oak_sapling":20,"minecraft:netherrack":30,"gobber2:gobber2_goo":40,"minecraft:crimson_roots":2,"minecraft:crafting_table":8,"minecraft:azure_bluet":2,"botania:brown_double_flower":1,"minecraft:chicken":10,"botania:open_crate":1,"minecraft:gold_block":4,"ars_nouveau:archwood_planks":2,"minecraft:cornflower":6,"botania:endoflame":20,"minecraft:iron_axe":2,"minecraft:flint_and_steel":2,"minecraft:item_frame":1,"minecraft:white_carpet":1,"botania:magenta_mystical_flower":11,"botania:diluted_pool":2,"botania:pure_daisy":9,"minecraft:beef":19,"minecraft:jungle_sapling":2,"minecraft:poppy":9,"minecraft:lectern":46,"minecraft:sugar_cane":190,"minecraft:egg":15,"minecraft:raw_iron":61,"minecraft:sandstone":9,"minecraft:copper_ingot":2,"botania:lime_double_flower":1,"minecraft:carrot":1,"minecraft:redstone":126,"minecraft:stone_pressure_plate":1,"ars_nouveau:green_archwood_log":206,"minecraft:tnt":48,"gobber2:gobber2_globette_nether":12,"minecraft:arrow":2,"botania:lime_mystical_flower":25,"botania:blue_mystical_flower":20,"botania:green_mystical_flower":16,"minecraft:mutton":13,"minecraft:bone_block":24,"minecraft:white_wool":10,"minecraft:oxeye_daisy":1,"minecraft:jungle_boat":22,"gobber2:gobber2_gooey_beefstew":8,"minecraft:cut_sandstone":10,"minecraft:leather":27,"minecraft:oak_log":38,"botania:light_blue_mystical_flower":27,"botania:black_mystical_flower":10,"minecraft:orange_terracotta":3,"ars_nouveau:green_archwood_sapling":40,"minecraft:apple":2,"minecraft:stone_bricks":16,"minecraft:rabbit_hide":1,"minecraft:iron_ingot":5,"minecraft:iron_sword":5,"minecraft:soul_sand":2,"minecraft:acacia_sapling":54,"botania:mana_spreader":2,"minecraft:book":207,"minecraft:oak_slab":1,"minecraft:stone_brick_slab":6,"minecraft:quartz":22,"minecraft:dandelion":1,"minecraft:gravel":106,"minecraft:amethyst_shard":15,"minecraft:blast_furnace":4,"minecraft:white_bed":20,"minecraft:crying_obsidian":3,"botania:orange_mystical_flower":21,"minecraft:cherry_sapling":28,"botania:brown_mystical_flower":27,"minecraft:coal":299,"minecraft:sunflower":1},"minecraft:used":{"botania:mana_pylon":2,"gobber2:gobber2_goo":40,"minecraft:iron_shovel":165,"minecraft:chest":12,"gobber2:gobber2_gooey_bread":30,"minecraft:shield":21,"minecraft:iron_sword":613,"minecraft:stone":49,"minecraft:jungle_planks":3,"minecraft:obsidian":34,"minecraft:lantern":4,"ars_nouveau:green_archwood_sapling":8,"minecraft:stone_brick_stairs":72,"gobber2:gobber2_hammer":97,"minecraft:stone_bricks":118,"minecraft:furnace":13,"minecraft:acacia_fence":141,"minecraft:egg":1,"ars_nouveau:green_archwood_log":32,"botania:runic_altar":1,"gobber2:gobber2_pickaxe":703,"minecraft:diorite":1,"minecraft:stone_pickaxe":1140,"minecraft:wooden_pickaxe":15,"minecraft:sugar_cane":9,"botania:diluted_pool":1,"minecraft:jungle_boat":23,"minecraft:golden_apple":4,"minecraft:blast_furnace":6,"gobber2:gobber2_gooey_bread_nether":1,"gobber2:gobber2_gooey_beefstew":4,"minecraft:melon_slice":40,"minecraft:bread":30,"minecraft:lectern":47,"minecraft:fire_charge":1,"botania:pure_daisy":8,"minecraft:andesite":7,"mahoutsukai:spell_cloth":4,"minecraft:enchanting_table":1,"minecraft:acacia_log":18,"minecraft:flint_and_steel":8,"minecraft:stone_shovel":1687,"minecraft:redstone":2,"ars_nouveau:archwood_slab":2,"minecraft:cooked_chicken":9,"minecraft:netherrack":26,"botania:open_crate":1,"minecraft:orange_bed":1,"minecraft:torch":357,"minecraft:dirt":262,"minecraft:white_carpet":3,"botania:twig_wand":70,"minecraft:golden_shovel":32,"minecraft:stone_brick_slab":21,"minecraft:wooden_axe":62,"minecraft:bookshelf":22,"minecraft:iron_axe":784,"gobber2:gobber2_gooey_beef":12,"gobber2:gobber2_staff_ensnarement":4,"botania:mana_pool":5,"minecraft:cobbled_deepslate":210,"minecraft:acacia_planks":117,"minecraft:acacia_boat":18,"minecraft:water_bucket":63,"botania:redstone_spreader":5,"botania:endoflame":16,"botania:mana_spreader":3,"minecraft:stonecutter":2,"minecraft:cobblestone_slab":43,"minecraft:tnt":6,"minecraft:crafting_table":15,"minecraft:white_bed":21,"minecraft:campfire":2,"botania:apothecary_default":1,"minecraft:apple":1,"minecraft:iron_pickaxe":1515,"minecraft:suspicious_stew":2,"minecraft:stone_axe":256,"minecraft:cobblestone":182,"minecraft:acacia_pressure_plate":3,"minecraft:bucket":74,"ars_nouveau:scribes_table":1},"minecraft:custom":{"lootr:looted_stat":36,"minecraft:interact_with_crafting_table":152,"minecraft:leave_game":25,"minecraft:time_since_death":833210,"minecraft:damage_resisted":92,"minecraft:sprint_one_cm":2320907,"minecraft:damage_blocked_by_shield":1530,"minecraft:drop":123,"minecraft:talked_to_villager":111,"minecraft:play_time":846483,"minecraft:deaths":1,"minecraft:jump":10592,"minecraft:walk_on_water_one_cm":39301,"minecraft:enchant_item":6,"minecraft:interact_with_furnace":169,"minecraft:traded_with_villager":16,"minecraft:sleep_in_bed":51,"minecraft:damage_dealt":14601,"minecraft:crouch_one_cm":13595,"minecraft:mob_kills":86,"minecraft:damage_dealt_resisted":167,"minecraft:climb_one_cm":73,"minecraft:walk_one_cm":1359057,"minecraft:sneak_time":7674,"minecraft:walk_under_water_one_cm":19851,"minecraft:boat_one_cm":782539,"minecraft:interact_with_blast_furnace":3,"minecraft:total_world_time":846483,"minecraft:interact_with_stonecutter":38,"minecraft:time_since_rest":2925,"minecraft:damage_taken":4001,"minecraft:damage_absorbed":809,"minecraft:swim_one_cm":35057,"minecraft:fly_one_cm":2390547,"minecraft:open_chest":380,"minecraft:fall_one_cm":234026},"minecraft:broken":{"minecraft:golden_shovel":1,"minecraft:stone_pickaxe":8,"minecraft:stone_axe":1,"minecraft:stone_shovel":11,"minecraft:iron_axe":1,"minecraft:iron_pickaxe":2},"minecraft:mined":{"botania:mana_pool":3,"minecraft:spruce_planks":12,"minecraft:white_bed":20,"botania:red_mystical_flower":17,"minecraft:cherry_log":44,"mahoutsukai:spell_cloth":3,"botania:pink_double_flower":1,"minecraft:obsidian":29,"minecraft:granite":42,"minecraft:red_sand":1,"botania:livingwood_log":50,"minecraft:acacia_log":175,"minecraft:grass_block":542,"gobber2:gobber2_ore_deepslate":38,"gobber2:gobber2_lucky_block":84,"minecraft:jungle_log":10,"minecraft:oxeye_daisy":1,"minecraft:acacia_pressure_plate":3,"botania:light_gray_mystical_flower":9,"botania:purple_mystical_flower":24,"gobber2:gobber2_ore":3,"minecraft:iron_ore":25,"minecraft:cobbled_deepslate":16,"gobber2:gobber2_ore_nether":12,"botania:lime_double_flower":2,"minecraft:deepslate_lapis_ore":6,"minecraft:azure_bluet":2,"minecraft:dirt_path":115,"minecraft:iron_bars":12,"minecraft:potted_cornflower":6,"botania:brown_mystical_flower":28,"botania:light_blue_mystical_flower":28,"minecraft:orange_bed":2,"botania:green_mystical_flower":16,"minecraft:deepslate_redstone_ore":19,"minecraft:cut_sandstone":10,"botania:orange_mystical_flower":22,"botania:diluted_pool":1,"minecraft:soul_fire":5,"minecraft:orange_terracotta":3,"minecraft:torch":15,"minecraft:light_gray_terracotta":27,"minecraft:blast_furnace":4,"minecraft:poppy":8,"minecraft:melon":14,"gobber2:gobber2_lucky_block_nether":1,"mahoutsukai:mahoujin":3,"minecraft:nether_quartz_ore":22,"botania:endoflame":13,"minecraft:cobblestone":25,"botania:blue_mystical_flower":21,"minecraft:oak_planks":9,"minecraft:sugar_cane":22,"botania:blue_double_flower":3,"botania:black_mystical_flower":10,"minecraft:wall_torch":57,"minecraft:seagrass":1,"minecraft:white_terracotta":27,"ars_nouveau:green_archwood_sapling":2,"minecraft:tnt":49,"minecraft:stone_brick_stairs":20,"minecraft:grass":366,"minecraft:oak_log":38,"minecraft:acacia_fence":8,"minecraft:sand":1,"minecraft:dirt":508,"minecraft:stonecutter":1,"minecraft:netherrack":30,"minecraft:oak_leaves":7,"minecraft:deepslate":1382,"minecraft:crying_obsidian":3,"minecraft:tuff":19,"botania:orange_double_flower":1,"minecraft:deepslate_diamond_ore":14,"minecraft:jungle_planks":3,"minecraft:crimson_roots":2,"botania:brown_double_flower":1,"botania:cyan_double_flower":2,"minecraft:redstone_wire":1,"botania:redstone_spreader":5,"minecraft:sandstone":9,"minecraft:redstone_ore":8,"botania:magenta_mystical_flower":11,"minecraft:furnace":6,"minecraft:carrots":1,"minecraft:suspicious_sand":1,"minecraft:andesite":26,"minecraft:gold_block":4,"minecraft:bookshelf":69,"minecraft:deepslate_iron_ore":27,"minecraft:cobblestone_slab":43,"minecraft:vine":2,"botania:livingrock":59,"botania:pure_daisy":7,"minecraft:packed_ice":2,"botania:mana_spreader":2,"minecraft:stone":716,"botania:light_blue_double_flower":2,"minecraft:bone_block":24,"minecraft:oak_slab":1,"minecraft:acacia_leaves":1,"botania:lime_mystical_flower":25,"ars_nouveau:green_archwood_log":206,"minecraft:potted_lily_of_the_valley":19,"minecraft:stone_brick_slab":5,"minecraft:dandelion":1,"minecraft:crafting_table":8,"minecraft:lectern":46,"minecraft:copper_ore":8,"minecraft:tall_grass":69,"minecraft:lapis_ore":13,"minecraft:deepslate_gold_ore":51,"botania:white_double_flower":1,"minecraft:diorite":141,"botania:pink_mystical_flower":23,"botania:cyan_mystical_flower":9,"botania:red_double_flower":2,"botania:open_crate":1,"minecraft:white_carpet":1,"gobber2:gobber2_lucky_block_deepslate":22,"botania:white_mystical_flower":26,"minecraft:coal_ore":279,"botania:yellow_mystical_flower":12,"minecraft:sunflower":3,"minecraft:gravel":112,"minecraft:cobweb":1,"minecraft:acacia_planks":37,"minecraft:stone_bricks":16,"minecraft:gold_ore":4,"minecraft:fern":9},"minecraft:killed":{"minecraft:zombified_piglin":3,"minecraft:spider":2,"minecraft:skeleton":3,"minecraft:chicken":10,"minecraft:turtle":1,"minecraft:pig":8,"minecraft:sheep":11,"minecraft:trader_llama":12,"minecraft:zombie":7,"minecraft:donkey":1,"minecraft:cow":11,"minecraft:slime":1,"minecraft:horse":5,"minecraft:drowned":4,"minecraft:husk":1,"minecraft:rabbit":1,"minecraft:wandering_trader":3},"minecraft:dropped":{"minecraft:iron_sword":1,"minecraft:diamond":6,"botania:livingrock_slab":1,"minecraft:jungle_planks":3,"minecraft:emerald":2,"minecraft:dirt":43,"minecraft:amethyst_shard":15,"botania:white_petal":20,"minecraft:gold_ingot":1,"botania:diluted_pool":1,"botania:brown_petal":14,"minecraft:iron_ingot":6,"minecraft:wheat_seeds":12,"botania:red_petal":7,"minecraft:cobblestone":8,"minecraft:coal":30,"minecraft:coal_block":3,"ars_nouveau:worn_notebook":1,"minecraft:iron_axe":1,"botania:light_gray_petal":7,"minecraft:ender_eye":1,"minecraft:flint_and_steel":1,"botania:blue_petal":2},"minecraft:crafted":{"minecraft:jungle_button":1,"minecraft:oak_planks":172,"minecraft:smooth_stone":15,"botania:livingwood_planks":12,"ars_nouveau:archwood_planks":344,"minecraft:acacia_pressure_plate":3,"botania:purple_petal":8,"botania:mana_pylon":2,"minecraft:cooked_chicken":5,"botania:mana_pool":2,"botania:livingrock_slab":6,"minecraft:stone":368,"minecraft:bookshelf":35,"mahoutsukai:dagger":1,"botania:red_petal":10,"minecraft:stone_brick_slab":22,"botania:twig_wand":1,"minecraft:iron_boots":1,"minecraft:chest":13,"mahoutsukai:hammer":1,"minecraft:acacia_fence":201,"gobber2:gobber2_pickaxe":1,"minecraft:magenta_dye":6,"minecraft:ender_eye":3,"botania:light_gray_petal":10,"minecraft:golden_boots":1,"minecraft:emerald":7,"sophisticatedbackpacks:backpack":1,"gobber2:gobber2_ingot":18,"gobber2:gobber2_glob_nether":1,"minecraft:crafting_table":9,"gobber2:gobber2_hammer":1,"minecraft:wooden_pickaxe":1,"gobber2:gobber2_rod":10,"botania:livingwood_twig":3,"minecraft:campfire":2,"mahoutsukai:spell_cloth":16,"botania:open_crate":1,"botania:runic_altar":1,"minecraft:stone_brick_stairs":18,"minecraft:lectern":4,"ars_nouveau:ritual_burrowing":1,"minecraft:iron_chestplate":1,"minecraft:paper":180,"minecraft:charcoal":23,"minecraft:purple_dye":4,"minecraft:shield":1,"mahoutsukai:powdered_diamond":1,"minecraft:stick":244,"minecraft:iron_ingot":53,"minecraft:iron_pickaxe":2,"minecraft:gold_ingot":91,"botania:apothecary_default":1,"ars_nouveau:scribes_table":1,"botania:brown_petal":14,"minecraft:stone_shovel":16,"minecraft:coal":54,"mahoutsukai:guidebook":1,"minecraft:iron_nugget":36,"minecraft:furnace":9,"minecraft:blast_furnace":2,"botania:blue_petal":2,"minecraft:bone_meal":216,"ars_nouveau:archwood_slab":42,"minecraft:pink_dye":34,"minecraft:white_carpet":3,"gobber2:gobber2_glob":6,"minecraft:lantern":4,"minecraft:diamond":1,"botania:white_petal":8,"minecraft:stone_pickaxe":9,"botania:diluted_pool":1,"mahoutsukai:powdered_gold":2,"sophisticatedbackpacks:iron_backpack":1,"minecraft:wheat":99,"botania:redstone_spreader":2,"minecraft:coal_block":26,"botania:pink_petal":4,"minecraft:red_dye":5,"minecraft:enchanting_table":1,"botania:mana_spreader":2,"botania:lexicon":1,"minecraft:bucket":1,"minecraft:stone_axe":2,"minecraft:glowstone":4,"minecraft:enchanted_book":1,"minecraft:air":0,"minecraft:acacia_boat":1,"minecraft:bread":38,"minecraft:jungle_planks":40,"gobber2:gobber2_staff_ensnarement":3,"botania:orange_petal":4,"minecraft:golden_apple":12,"minecraft:gold_nugget":9,"botania:magenta_petal":6,"minecraft:wooden_axe":1,"minecraft:stonecutter":1,"minecraft:white_bed":1,"minecraft:acacia_planks":500,"minecraft:torch":284}},"DataVersion":3465}