{"stats":{"minecraft:custom":{"lootr:looted_stat":20,"minecraft:interact_with_crafting_table":100,"minecraft:leave_game":19,"minecraft:time_since_death":448460,"minecraft:damage_resisted":0,"minecraft:sprint_one_cm":1280184,"minecraft:damage_blocked_by_shield":480,"minecraft:drop":36,"minecraft:talked_to_villager":26,"minecraft:play_time":461733,"minecraft:deaths":1,"minecraft:jump":5872,"minecraft:walk_on_water_one_cm":15064,"minecraft:interact_with_furnace":63,"minecraft:traded_with_villager":1,"minecraft:sleep_in_bed":26,"minecraft:damage_dealt":8758,"minecraft:crouch_one_cm":5141,"minecraft:mob_kills":60,"minecraft:damage_dealt_resisted":0,"minecraft:climb_one_cm":48,"minecraft:walk_one_cm":804928,"minecraft:sneak_time":3372,"minecraft:walk_under_water_one_cm":2551,"minecraft:boat_one_cm":269089,"minecraft:total_world_time":461733,"minecraft:interact_with_stonecutter":22,"minecraft:time_since_rest":6520,"minecraft:damage_taken":1659,"minecraft:damage_absorbed":510,"minecraft:swim_one_cm":16639,"minecraft:fly_one_cm":1307813,"minecraft:open_chest":221,"minecraft:fall_one_cm":143981},"minecraft:picked_up":{"minecraft:flower_pot":13,"minecraft:lead":10,"minecraft:stone_brick_stairs":18,"botania:light_blue_double_flower":1,"minecraft:raw_copper":27,"mahoutsukai:scroll_mystic_staff":1,"minecraft:red_sand":1,"minecraft:cobbled_deepslate":664,"minecraft:spruce_planks":5,"minecraft:cobblestone_slab":43,"ars_nouveau:mendosteen_pod":1,"minecraft:melon_slice":69,"minecraft:furnace":2,"minecraft:stick":104,"apotheosis:gem":4,"botania:cyan_double_flower":1,"minecraft:acacia_fence":8,"minecraft:acacia_log":168,"minecraft:torch":33,"botania:yellow_mystical_flower":12,"minecraft:porkchop":16,"minecraft:cherry_log":44,"minecraft:diorite":87,"gobber2:gobber2_foo":3,"botania:white_mystical_flower":16,"minecraft:rotten_flesh":5,"botania:orange_double_flower":1,"botania:livingrock":59,"botania:light_gray_mystical_flower":2,"botania:livingwood_log":18,"minecraft:white_terracotta":27,"botania:blue_double_flower":2,"minecraft:obsidian":16,"minecraft:iron_bars":4,"minecraft:cobblestone":418,"minecraft:feather":9,"minecraft:jungle_log":10,"minecraft:andesite":14,"minecraft:tuff":11,"minecraft:lapis_lazuli":52,"minecraft:dirt":1140,"botania:livingrock_slab":1,"minecraft:acacia_planks":32,"botania:cyan_mystical_flower":7,"botania:pink_mystical_flower":13,"gobber2:gobber2_gooey_beef":7,"minecraft:wheat_seeds":61,"minecraft:raw_gold":6,"botania:purple_mystical_flower":16,"gobber2:gobber2_globette":20,"minecraft:rabbit":1,"minecraft:oak_planks":55,"gobber2:gobber2_gooey_bread":13,"botania:red_mystical_flower":12,"botania:pink_double_flower":1,"minecraft:jungle_planks":6,"botania:blue_petal":2,"minecraft:lily_of_the_valley":10,"minecraft:light_gray_terracotta":27,"minecraft:diamond":9,"minecraft:granite":13,"minecraft:oak_sapling":20,"gobber2:gobber2_goo":15,"minecraft:crafting_table":7,"minecraft:azure_bluet":2,"minecraft:chicken":10,"botania:brown_double_flower":1,"minecraft:cornflower":3,"minecraft:iron_axe":1,"minecraft:flint_and_steel":1,"minecraft:white_carpet":1,"minecraft:item_frame":1,"botania:magenta_mystical_flower":3,"botania:diluted_pool":2,"botania:pure_daisy":9,"minecraft:beef":19,"minecraft:jungle_sapling":2,"minecraft:poppy":8,"minecraft:lectern":1,"minecraft:sugar_cane":103,"minecraft:egg":13,"minecraft:sandstone":9,"minecraft:raw_iron":15,"botania:lime_double_flower":1,"minecraft:carrot":1,"minecraft:redstone":45,"minecraft:stone_pressure_plate":1,"ars_nouveau:green_archwood_log":158,"minecraft:tnt":36,"botania:lime_mystical_flower":17,"botania:blue_mystical_flower":13,"botania:green_mystical_flower":9,"minecraft:mutton":13,"minecraft:white_wool":10,"minecraft:oxeye_daisy":1,"minecraft:jungle_boat":20,"minecraft:leather":20,"minecraft:cut_sandstone":10,"gobber2:gobber2_gooey_beefstew":1,"minecraft:oak_log":38,"botania:light_blue_mystical_flower":25,"botania:black_mystical_flower":10,"minecraft:orange_terracotta":3,"ars_nouveau:green_archwood_sapling":30,"minecraft:apple":2,"minecraft:rabbit_hide":1,"minecraft:iron_ingot":1,"minecraft:acacia_sapling":54,"minecraft:book":144,"minecraft:stone_brick_slab":5,"minecraft:dandelion":1,"minecraft:white_bed":9,"botania:orange_mystical_flower":17,"minecraft:cherry_sapling":28,"minecraft:coal":134,"botania:brown_mystical_flower":27},"minecraft:crafted":{"minecraft:jungle_button":1,"minecraft:oak_planks":172,"ars_nouveau:archwood_planks":60,"botania:purple_petal":6,"minecraft:cooked_chicken":5,"botania:mana_pool":1,"botania:livingrock_slab":6,"minecraft:stone":143,"minecraft:bookshelf":21,"mahoutsukai:dagger":1,"minecraft:stone_brick_slab":22,"minecraft:chest":7,"mahoutsukai:hammer":1,"minecraft:acacia_fence":201,"gobber2:gobber2_pickaxe":1,"minecraft:magenta_dye":6,"sophisticatedbackpacks:backpack":1,"gobber2:gobber2_ingot":6,"minecraft:crafting_table":5,"minecraft:wooden_pickaxe":1,"gobber2:gobber2_rod":2,"minecraft:campfire":2,"mahoutsukai:spell_cloth":16,"minecraft:stone_brick_stairs":18,"minecraft:iron_chestplate":1,"minecraft:paper":9,"minecraft:charcoal":23,"minecraft:purple_dye":4,"minecraft:shield":1,"mahoutsukai:powdered_diamond":1,"minecraft:stick":200,"minecraft:iron_ingot":15,"minecraft:gold_ingot":6,"botania:apothecary_default":1,"minecraft:stone_shovel":16,"mahoutsukai:guidebook":1,"minecraft:iron_nugget":36,"minecraft:furnace":8,"botania:blue_petal":2,"minecraft:white_carpet":3,"gobber2:gobber2_glob":2,"minecraft:lantern":4,"minecraft:diamond":1,"botania:white_petal":8,"minecraft:stone_pickaxe":9,"botania:diluted_pool":1,"mahoutsukai:powdered_gold":2,"minecraft:wheat":99,"minecraft:coal_block":10,"botania:pink_petal":4,"minecraft:red_dye":5,"minecraft:enchanting_table":1,"botania:lexicon":1,"minecraft:bucket":1,"minecraft:stone_axe":2,"minecraft:bread":38,"minecraft:air":0,"minecraft:jungle_planks":40,"minecraft:golden_apple":2,"botania:magenta_petal":6,"minecraft:wooden_axe":1,"minecraft:stonecutter":1,"minecraft:white_bed":1,"minecraft:acacia_planks":500,"minecraft:torch":188},"minecraft:mined":{"minecraft:spruce_planks":6,"minecraft:white_bed":9,"botania:red_mystical_flower":12,"minecraft:cherry_log":44,"mahoutsukai:spell_cloth":3,"botania:pink_double_flower":1,"minecraft:obsidian":17,"minecraft:granite":13,"botania:livingwood_log":18,"minecraft:red_sand":1,"minecraft:acacia_log":175,"minecraft:grass_block":541,"gobber2:gobber2_lucky_block":24,"minecraft:jungle_log":10,"minecraft:oxeye_daisy":1,"botania:light_gray_mystical_flower":2,"botania:purple_mystical_flower":16,"minecraft:iron_ore":9,"minecraft:cobbled_deepslate":8,"botania:lime_double_flower":2,"minecraft:azure_bluet":2,"minecraft:dirt_path":93,"minecraft:iron_bars":6,"minecraft:potted_cornflower":3,"botania:brown_mystical_flower":28,"botania:light_blue_mystical_flower":25,"botania:green_mystical_flower":9,"minecraft:deepslate_redstone_ore":4,"minecraft:cut_sandstone":10,"botania:orange_mystical_flower":18,"botania:diluted_pool":1,"minecraft:orange_terracotta":3,"minecraft:torch":2,"minecraft:light_gray_terracotta":27,"minecraft:poppy":8,"minecraft:melon":14,"mahoutsukai:mahoujin":3,"minecraft:cobblestone":11,"botania:blue_mystical_flower":14,"minecraft:sugar_cane":13,"minecraft:oak_planks":9,"botania:blue_double_flower":2,"minecraft:wall_torch":22,"botania:black_mystical_flower":10,"minecraft:white_terracotta":27,"ars_nouveau:green_archwood_sapling":2,"minecraft:tnt":37,"minecraft:stone_brick_stairs":18,"minecraft:grass":341,"minecraft:oak_log":38,"minecraft:acacia_fence":8,"minecraft:dirt":441,"minecraft:oak_leaves":7,"minecraft:deepslate":561,"minecraft:tuff":11,"botania:orange_double_flower":1,"minecraft:deepslate_diamond_ore":9,"minecraft:jungle_planks":3,"botania:brown_double_flower":1,"botania:cyan_double_flower":1,"minecraft:sandstone":9,"minecraft:redstone_ore":6,"botania:magenta_mystical_flower":3,"minecraft:furnace":2,"minecraft:carrots":1,"minecraft:andesite":14,"minecraft:bookshelf":48,"minecraft:deepslate_iron_ore":6,"minecraft:cobblestone_slab":43,"minecraft:vine":2,"botania:livingrock":59,"botania:pure_daisy":7,"botania:light_blue_double_flower":1,"minecraft:stone":376,"minecraft:acacia_leaves":1,"botania:lime_mystical_flower":17,"ars_nouveau:green_archwood_log":158,"minecraft:potted_lily_of_the_valley":13,"minecraft:stone_brick_slab":4,"minecraft:dandelion":1,"minecraft:crafting_table":7,"minecraft:lectern":1,"minecraft:tall_grass":67,"minecraft:copper_ore":8,"minecraft:lapis_ore":8,"minecraft:deepslate_gold_ore":6,"minecraft:diorite":56,"botania:pink_mystical_flower":13,"botania:cyan_mystical_flower":7,"botania:red_double_flower":2,"minecraft:white_carpet":1,"gobber2:gobber2_lucky_block_deepslate":15,"botania:white_mystical_flower":16,"minecraft:coal_ore":135,"botania:yellow_mystical_flower":12,"minecraft:acacia_planks":33,"minecraft:fern":9},"minecraft:used":{"gobber2:gobber2_goo":15,"gobber2:gobber2_gooey_bread":13,"minecraft:chest":6,"minecraft:shield":8,"minecraft:stone":49,"minecraft:iron_sword":405,"minecraft:jungle_planks":3,"minecraft:obsidian":10,"minecraft:lantern":4,"ars_nouveau:green_archwood_sapling":8,"minecraft:stone_brick_stairs":45,"minecraft:stone_bricks":4,"minecraft:furnace":10,"minecraft:acacia_fence":141,"minecraft:egg":1,"gobber2:gobber2_pickaxe":140,"minecraft:stone_pickaxe":1140,"minecraft:wooden_pickaxe":15,"minecraft:sugar_cane":9,"botania:diluted_pool":1,"minecraft:jungle_boat":20,"minecraft:bread":25,"minecraft:melon_slice":40,"botania:pure_daisy":7,"minecraft:andesite":4,"mahoutsukai:spell_cloth":4,"minecraft:enchanting_table":1,"minecraft:acacia_log":18,"minecraft:flint_and_steel":7,"minecraft:stone_shovel":1687,"minecraft:cooked_chicken":9,"minecraft:torch":173,"minecraft:dirt":240,"minecraft:white_carpet":3,"minecraft:stone_brick_slab":21,"minecraft:wooden_axe":62,"minecraft:bookshelf":20,"minecraft:iron_axe":549,"gobber2:gobber2_gooey_beef":3,"botania:mana_pool":1,"minecraft:acacia_planks":33,"minecraft:cobbled_deepslate":137,"minecraft:water_bucket":32,"minecraft:stonecutter":1,"minecraft:cobblestone_slab":43,"minecraft:tnt":6,"minecraft:crafting_table":11,"minecraft:campfire":2,"minecraft:white_bed":9,"botania:apothecary_default":1,"minecraft:apple":1,"minecraft:iron_pickaxe":309,"minecraft:stone_axe":256,"minecraft:cobblestone":28,"minecraft:bucket":35},"minecraft:broken":{"minecraft:stone_pickaxe":8,"minecraft:stone_axe":1,"minecraft:stone_shovel":11,"minecraft:iron_axe":1},"minecraft:dropped":{"botania:livingrock_slab":1,"minecraft:jungle_planks":3,"minecraft:emerald":1,"minecraft:dirt":43,"botania:white_petal":20,"botania:diluted_pool":1,"minecraft:iron_ingot":1,"minecraft:wheat_seeds":4,"minecraft:iron_axe":1,"minecraft:flint_and_steel":1,"botania:blue_petal":2},"minecraft:killed":{"minecraft:zombified_piglin":1,"minecraft:spider":2,"minecraft:chicken":10,"minecraft:pig":8,"minecraft:sheep":11,"minecraft:trader_llama":8,"minecraft:donkey":1,"minecraft:zombie":4,"minecraft:cow":11,"minecraft:rabbit":1,"minecraft:wandering_trader":2}},"DataVersion":3465}