{"stats":{"minecraft:used":{"minecraft:iron_axe":14,"minecraft:melon_slice":9,"minecraft:stone_pickaxe":84,"minecraft:wooden_pickaxe":15,"minecraft:cooked_chicken":1,"minecraft:stone_axe":113,"minecraft:torch":5,"minecraft:cobblestone":15,"minecraft:crafting_table":3,"minecraft:furnace":1,"minecraft:jungle_planks":3},"minecraft:picked_up":{"minecraft:book":18,"minecraft:crafting_table":2,"minecraft:stick":17,"minecraft:raw_iron":4,"minecraft:feather":9,"minecraft:chicken":9,"minecraft:jungle_log":10,"minecraft:torch":1,"minecraft:porkchop":5,"minecraft:jungle_planks":3,"minecraft:oak_log":28,"minecraft:dirt":51,"minecraft:tnt":4,"minecraft:wheat_seeds":7,"minecraft:jungle_sapling":2,"minecraft:oak_sapling":15,"minecraft:melon_slice":69,"minecraft:mutton":8,"minecraft:coal":20,"minecraft:white_wool":6,"minecraft:cobblestone":44,"minecraft:egg":11},"minecraft:killed":{"minecraft:sheep":6,"minecraft:pig":3,"minecraft:chicken":9},"minecraft:crafted":{"minecraft:crafting_table":1,"minecraft:stick":8,"minecraft:wooden_pickaxe":1,"minecraft:iron_ingot":4,"minecraft:cooked_chicken":5,"minecraft:stone_pickaxe":1,"minecraft:furnace":1,"minecraft:white_bed":1,"minecraft:bucket":1,"minecraft:torch":28,"minecraft:stone_axe":1,"minecraft:air":0,"minecraft:jungle_planks":28},"minecraft:mined":{"minecraft:iron_ore":4,"minecraft:potted_lily_of_the_valley":2,"minecraft:tnt":4,"minecraft:crafting_table":2,"minecraft:grass":28,"minecraft:bookshelf":6,"minecraft:grass_block":3,"minecraft:oak_log":28,"minecraft:coal_ore":20,"minecraft:melon":14,"minecraft:jungle_planks":3,"minecraft:vine":2,"minecraft:jungle_log":10,"minecraft:dirt":48,"minecraft:cobblestone":1,"minecraft:stone":43,"minecraft:oak_planks":2,"minecraft:wall_torch":1,"minecraft:fern":8},"minecraft:custom":{"minecraft:time_since_rest":27228,"minecraft:interact_with_furnace":4,"minecraft:sprint_one_cm":62372,"minecraft:damage_taken":220,"minecraft:walk_one_cm":35671,"minecraft:mob_kills":18,"minecraft:damage_dealt":1140,"minecraft:interact_with_crafting_table":11,"minecraft:fly_one_cm":104999,"minecraft:play_time":40456,"minecraft:deaths":1,"minecraft:jump":424,"minecraft:leave_game":13,"minecraft:time_since_death":27183,"minecraft:total_world_time":40456,"minecraft:climb_one_cm":48,"minecraft:fall_one_cm":9895}},"DataVersion":3465}