{"stats":{"minecraft:broken":{"minecraft:stone_pickaxe":8,"minecraft:stone_axe":1,"minecraft:stone_shovel":11,"minecraft:iron_axe":1,"minecraft:iron_pickaxe":1},"minecraft:killed":{"minecraft:zombified_piglin":2,"minecraft:spider":2,"minecraft:chicken":10,"minecraft:turtle":1,"minecraft:pig":8,"minecraft:sheep":11,"minecraft:trader_llama":10,"minecraft:zombie":4,"minecraft:donkey":1,"minecraft:cow":11,"minecraft:horse":5,"minecraft:drowned":4,"minecraft:rabbit":1,"minecraft:wandering_trader":3},"minecraft:crafted":{"minecraft:jungle_button":1,"minecraft:oak_planks":172,"botania:livingwood_planks":8,"minecraft:acacia_pressure_plate":3,"ars_nouveau:archwood_planks":60,"botania:purple_petal":8,"minecraft:cooked_chicken":5,"botania:mana_pool":2,"botania:livingrock_slab":6,"minecraft:stone":143,"minecraft:bookshelf":21,"mahoutsukai:dagger":1,"botania:red_petal":10,"minecraft:stone_brick_slab":22,"botania:twig_wand":1,"minecraft:chest":13,"mahoutsukai:hammer":1,"minecraft:acacia_fence":201,"gobber2:gobber2_pickaxe":1,"minecraft:ender_eye":3,"minecraft:magenta_dye":6,"botania:light_gray_petal":10,"sophisticatedbackpacks:backpack":1,"gobber2:gobber2_ingot":6,"minecraft:crafting_table":7,"minecraft:wooden_pickaxe":1,"gobber2:gobber2_rod":2,"botania:livingwood_twig":3,"minecraft:campfire":2,"mahoutsukai:spell_cloth":16,"botania:open_crate":1,"minecraft:stone_brick_stairs":18,"ars_nouveau:ritual_burrowing":1,"minecraft:iron_chestplate":1,"minecraft:paper":9,"minecraft:charcoal":23,"minecraft:purple_dye":4,"minecraft:shield":1,"mahoutsukai:powdered_diamond":1,"minecraft:stick":204,"minecraft:iron_ingot":17,"minecraft:iron_pickaxe":1,"minecraft:gold_ingot":6,"botania:apothecary_default":1,"ars_nouveau:scribes_table":1,"botania:brown_petal":14,"minecraft:coal":27,"minecraft:stone_shovel":16,"mahoutsukai:guidebook":1,"minecraft:iron_nugget":36,"minecraft:furnace":9,"botania:blue_petal":2,"ars_nouveau:archwood_slab":24,"minecraft:white_carpet":3,"gobber2:gobber2_glob":2,"minecraft:lantern":4,"minecraft:diamond":1,"botania:white_petal":8,"minecraft:stone_pickaxe":9,"botania:diluted_pool":1,"mahoutsukai:powdered_gold":2,"minecraft:wheat":99,"sophisticatedbackpacks:iron_backpack":1,"botania:redstone_spreader":2,"minecraft:coal_block":10,"botania:pink_petal":4,"minecraft:red_dye":5,"minecraft:enchanting_table":1,"botania:mana_spreader":2,"botania:lexicon":1,"minecraft:bucket":1,"minecraft:stone_axe":2,"minecraft:acacia_boat":1,"minecraft:bread":38,"minecraft:air":0,"minecraft:jungle_planks":40,"botania:orange_petal":4,"minecraft:golden_apple":2,"minecraft:gold_nugget":9,"botania:magenta_petal":6,"minecraft:wooden_axe":1,"minecraft:stonecutter":1,"minecraft:white_bed":1,"minecraft:acacia_planks":500,"minecraft:torch":188},"minecraft:picked_up":{"minecraft:seagrass":1,"minecraft:flower_pot":16,"minecraft:lead":12,"minecraft:acacia_pressure_plate":2,"minecraft:stone_brick_stairs":18,"botania:light_blue_double_flower":2,"minecraft:raw_copper":27,"mahoutsukai:scroll_mystic_staff":1,"minecraft:red_sand":1,"minecraft:cobbled_deepslate":924,"minecraft:spruce_planks":7,"minecraft:cobblestone_slab":43,"ars_nouveau:mendosteen_pod":1,"minecraft:melon_slice":69,"minecraft:furnace":2,"minecraft:stick":104,"apotheosis:gem":4,"botania:cyan_double_flower":2,"minecraft:acacia_fence":8,"minecraft:acacia_log":168,"minecraft:torch":47,"botania:yellow_mystical_flower":12,"botania:redstone_spreader":5,"minecraft:porkchop":16,"minecraft:cherry_log":44,"minecraft:diorite":87,"botania:white_mystical_flower":26,"gobber2:gobber2_foo":5,"botania:manasteel_ingot":3,"minecraft:rotten_flesh":11,"botania:orange_double_flower":1,"botania:light_gray_mystical_flower":9,"botania:livingrock":59,"ars_nouveau:worn_notebook":1,"botania:livingwood_log":50,"minecraft:white_terracotta":27,"botania:blue_double_flower":3,"minecraft:obsidian":28,"minecraft:iron_bars":6,"minecraft:cobblestone":481,"minecraft:nautilus_shell":1,"minecraft:feather":9,"minecraft:andesite":14,"minecraft:jungle_log":10,"minecraft:tuff":11,"minecraft:acacia_boat":8,"minecraft:lapis_lazuli":52,"minecraft:dirt":1167,"botania:livingrock_slab":1,"botania:white_double_flower":1,"minecraft:acacia_planks":36,"botania:cyan_mystical_flower":9,"minecraft:wheat_seeds":62,"minecraft:bow":1,"gobber2:gobber2_gooey_beef":16,"botania:pink_mystical_flower":23,"minecraft:raw_gold":18,"botania:purple_mystical_flower":24,"gobber2:gobber2_globette":20,"minecraft:rabbit":1,"minecraft:oak_planks":55,"botania:mana_pool":3,"gobber2:gobber2_gooey_bread":26,"botania:red_mystical_flower":17,"botania:pink_double_flower":1,"minecraft:jungle_planks":6,"minecraft:sand":1,"botania:blue_petal":2,"minecraft:lily_of_the_valley":12,"minecraft:light_gray_terracotta":27,"minecraft:diamond":9,"minecraft:granite":13,"minecraft:emerald":1,"minecraft:oak_sapling":20,"gobber2:gobber2_goo":35,"minecraft:crafting_table":7,"minecraft:azure_bluet":2,"botania:brown_double_flower":1,"minecraft:chicken":10,"botania:open_crate":1,"minecraft:gold_block":3,"minecraft:cornflower":4,"botania:endoflame":20,"minecraft:iron_axe":2,"minecraft:flint_and_steel":2,"minecraft:item_frame":1,"minecraft:white_carpet":1,"botania:magenta_mystical_flower":11,"botania:diluted_pool":2,"botania:pure_daisy":9,"minecraft:beef":19,"minecraft:jungle_sapling":2,"minecraft:poppy":8,"minecraft:lectern":1,"minecraft:sugar_cane":103,"minecraft:egg":15,"minecraft:raw_iron":18,"minecraft:sandstone":9,"minecraft:copper_ingot":2,"botania:lime_double_flower":1,"minecraft:carrot":1,"minecraft:redstone":66,"minecraft:stone_pressure_plate":1,"ars_nouveau:green_archwood_log":158,"minecraft:tnt":40,"botania:lime_mystical_flower":25,"botania:blue_mystical_flower":20,"botania:green_mystical_flower":16,"minecraft:mutton":13,"minecraft:white_wool":10,"minecraft:oxeye_daisy":1,"minecraft:jungle_boat":22,"gobber2:gobber2_gooey_beefstew":5,"minecraft:cut_sandstone":10,"minecraft:leather":26,"minecraft:oak_log":38,"botania:light_blue_mystical_flower":27,"botania:black_mystical_flower":10,"minecraft:orange_terracotta":3,"ars_nouveau:green_archwood_sapling":30,"minecraft:apple":2,"minecraft:rabbit_hide":1,"minecraft:iron_ingot":2,"botania:mana_spreader":1,"minecraft:acacia_sapling":54,"minecraft:iron_sword":3,"minecraft:book":165,"minecraft:oak_slab":1,"minecraft:stone_brick_slab":5,"minecraft:dandelion":1,"minecraft:white_bed":17,"minecraft:crying_obsidian":3,"botania:orange_mystical_flower":21,"minecraft:cherry_sapling":28,"minecraft:coal":292,"botania:brown_mystical_flower":27},"minecraft:dropped":{"botania:livingrock_slab":1,"minecraft:jungle_planks":3,"minecraft:emerald":2,"minecraft:dirt":43,"botania:white_petal":20,"botania:diluted_pool":1,"botania:brown_petal":14,"minecraft:iron_ingot":5,"minecraft:wheat_seeds":11,"botania:red_petal":7,"minecraft:cobblestone":8,"minecraft:coal":30,"minecraft:coal_block":1,"ars_nouveau:worn_notebook":1,"minecraft:iron_axe":1,"botania:light_gray_petal":7,"minecraft:flint_and_steel":1,"botania:blue_petal":2},"minecraft:mined":{"botania:mana_pool":3,"minecraft:spruce_planks":8,"minecraft:white_bed":17,"botania:red_mystical_flower":17,"minecraft:cherry_log":44,"mahoutsukai:spell_cloth":3,"botania:pink_double_flower":1,"minecraft:obsidian":29,"minecraft:granite":13,"botania:livingwood_log":50,"minecraft:red_sand":1,"minecraft:acacia_log":175,"minecraft:grass_block":541,"gobber2:gobber2_lucky_block":72,"minecraft:jungle_log":10,"minecraft:acacia_pressure_plate":3,"minecraft:oxeye_daisy":1,"botania:light_gray_mystical_flower":9,"botania:purple_mystical_flower":24,"minecraft:iron_ore":12,"minecraft:cobbled_deepslate":8,"botania:lime_double_flower":2,"minecraft:azure_bluet":2,"minecraft:dirt_path":115,"minecraft:iron_bars":8,"minecraft:potted_cornflower":4,"botania:brown_mystical_flower":28,"botania:light_blue_mystical_flower":28,"botania:green_mystical_flower":16,"minecraft:deepslate_redstone_ore":8,"minecraft:cut_sandstone":10,"botania:orange_mystical_flower":22,"botania:diluted_pool":1,"minecraft:orange_terracotta":3,"minecraft:torch":12,"minecraft:light_gray_terracotta":27,"minecraft:poppy":8,"minecraft:melon":14,"botania:endoflame":13,"mahoutsukai:mahoujin":3,"minecraft:cobblestone":13,"botania:blue_mystical_flower":21,"minecraft:sugar_cane":13,"minecraft:oak_planks":9,"botania:blue_double_flower":3,"minecraft:wall_torch":25,"botania:black_mystical_flower":10,"minecraft:seagrass":1,"minecraft:white_terracotta":27,"ars_nouveau:green_archwood_sapling":2,"minecraft:tnt":41,"minecraft:stone_brick_stairs":18,"minecraft:grass":358,"minecraft:oak_log":38,"minecraft:acacia_fence":8,"minecraft:sand":1,"minecraft:dirt":447,"minecraft:oak_leaves":7,"minecraft:deepslate":821,"minecraft:crying_obsidian":3,"minecraft:tuff":11,"botania:orange_double_flower":1,"minecraft:deepslate_diamond_ore":9,"minecraft:jungle_planks":3,"botania:brown_double_flower":1,"botania:cyan_double_flower":2,"minecraft:redstone_wire":1,"botania:redstone_spreader":5,"minecraft:sandstone":9,"minecraft:redstone_ore":6,"botania:magenta_mystical_flower":11,"minecraft:furnace":2,"minecraft:carrots":1,"minecraft:suspicious_sand":1,"minecraft:andesite":14,"minecraft:gold_block":3,"minecraft:bookshelf":55,"minecraft:deepslate_iron_ore":6,"minecraft:cobblestone_slab":43,"minecraft:vine":2,"botania:livingrock":59,"botania:pure_daisy":7,"minecraft:packed_ice":2,"botania:mana_spreader":1,"minecraft:stone":431,"botania:light_blue_double_flower":2,"minecraft:oak_slab":1,"minecraft:acacia_leaves":1,"botania:lime_mystical_flower":25,"ars_nouveau:green_archwood_log":158,"minecraft:potted_lily_of_the_valley":15,"minecraft:stone_brick_slab":4,"minecraft:dandelion":1,"minecraft:crafting_table":7,"minecraft:lectern":1,"minecraft:tall_grass":69,"minecraft:copper_ore":8,"minecraft:deepslate_gold_ore":18,"minecraft:lapis_ore":8,"botania:white_double_flower":1,"minecraft:diorite":56,"botania:pink_mystical_flower":23,"botania:cyan_mystical_flower":9,"botania:red_double_flower":2,"botania:open_crate":1,"minecraft:white_carpet":1,"gobber2:gobber2_lucky_block_deepslate":15,"botania:white_mystical_flower":26,"minecraft:coal_ore":279,"botania:yellow_mystical_flower":12,"minecraft:acacia_planks":37,"minecraft:fern":9},"minecraft:used":{"gobber2:gobber2_goo":22,"minecraft:iron_shovel":31,"gobber2:gobber2_gooey_bread":19,"minecraft:chest":12,"minecraft:shield":9,"minecraft:iron_sword":545,"minecraft:stone":49,"minecraft:jungle_planks":3,"minecraft:obsidian":24,"minecraft:lantern":4,"ars_nouveau:green_archwood_sapling":8,"minecraft:stone_brick_stairs":45,"minecraft:stone_bricks":4,"minecraft:furnace":11,"minecraft:acacia_fence":141,"minecraft:egg":1,"ars_nouveau:green_archwood_log":32,"gobber2:gobber2_pickaxe":446,"minecraft:stone_pickaxe":1140,"minecraft:wooden_pickaxe":15,"minecraft:sugar_cane":9,"botania:diluted_pool":1,"minecraft:jungle_boat":23,"gobber2:gobber2_gooey_beefstew":2,"minecraft:melon_slice":40,"minecraft:bread":30,"botania:pure_daisy":8,"minecraft:andesite":4,"mahoutsukai:spell_cloth":4,"minecraft:enchanting_table":1,"minecraft:acacia_log":18,"minecraft:flint_and_steel":8,"minecraft:stone_shovel":1687,"minecraft:redstone":2,"minecraft:cooked_chicken":9,"botania:open_crate":1,"minecraft:torch":194,"minecraft:dirt":256,"minecraft:white_carpet":3,"botania:twig_wand":70,"minecraft:stone_brick_slab":21,"minecraft:wooden_axe":62,"minecraft:bookshelf":20,"minecraft:iron_axe":634,"gobber2:gobber2_gooey_beef":5,"botania:mana_pool":5,"minecraft:cobbled_deepslate":159,"minecraft:acacia_planks":117,"minecraft:acacia_boat":8,"minecraft:water_bucket":45,"botania:redstone_spreader":5,"botania:endoflame":16,"botania:mana_spreader":3,"minecraft:stonecutter":1,"minecraft:cobblestone_slab":43,"minecraft:tnt":6,"minecraft:crafting_table":13,"minecraft:white_bed":17,"minecraft:campfire":2,"botania:apothecary_default":1,"minecraft:apple":1,"minecraft:suspicious_stew":2,"minecraft:iron_pickaxe":561,"minecraft:stone_axe":256,"minecraft:cobblestone":48,"minecraft:acacia_pressure_plate":3,"minecraft:bucket":55,"ars_nouveau:scribes_table":1},"minecraft:custom":{"lootr:looted_stat":33,"minecraft:interact_with_crafting_table":120,"minecraft:leave_game":21,"minecraft:time_since_death":616578,"minecraft:damage_resisted":0,"minecraft:sprint_one_cm":1670327,"minecraft:damage_blocked_by_shield":540,"minecraft:drop":109,"minecraft:talked_to_villager":30,"minecraft:play_time":629851,"minecraft:deaths":1,"minecraft:jump":7990,"minecraft:walk_on_water_one_cm":28013,"minecraft:interact_with_furnace":68,"minecraft:traded_with_villager":4,"minecraft:sleep_in_bed":38,"minecraft:damage_dealt":11830,"minecraft:crouch_one_cm":11237,"minecraft:mob_kills":75,"minecraft:damage_dealt_resisted":0,"minecraft:climb_one_cm":73,"minecraft:walk_one_cm":997062,"minecraft:sneak_time":7100,"minecraft:walk_under_water_one_cm":18233,"minecraft:boat_one_cm":560554,"minecraft:total_world_time":629851,"minecraft:interact_with_stonecutter":24,"minecraft:time_since_rest":155,"minecraft:damage_taken":1815,"minecraft:damage_absorbed":630,"minecraft:swim_one_cm":31408,"minecraft:fly_one_cm":1893956,"minecraft:open_chest":296,"minecraft:fall_one_cm":184277}},"DataVersion":3465}