{"stats":{"minecraft:picked_up":{"minecraft:crafting_table":3,"minecraft:jungle_boat":3,"minecraft:feather":9,"minecraft:chicken":9,"minecraft:flower_pot":2,"minecraft:andesite":13,"minecraft:jungle_log":10,"minecraft:cut_sandstone":10,"minecraft:leather":13,"minecraft:tuff":6,"minecraft:oak_log":28,"minecraft:lapis_lazuli":52,"minecraft:cornflower":1,"minecraft:dirt":224,"minecraft:raw_copper":27,"minecraft:orange_terracotta":3,"minecraft:wheat_seeds":7,"minecraft:red_sand":1,"minecraft:cobbled_deepslate":136,"minecraft:beef":19,"minecraft:jungle_sapling":2,"gobber2:gobber2_globette":7,"minecraft:melon_slice":69,"minecraft:acacia_sapling":8,"minecraft:oak_planks":53,"gobber2:gobber2_gooey_bread":1,"minecraft:egg":12,"minecraft:book":42,"minecraft:stick":17,"minecraft:raw_iron":5,"minecraft:sandstone":9,"minecraft:torch":24,"minecraft:acacia_log":21,"minecraft:porkchop":5,"minecraft:jungle_planks":6,"minecraft:diorite":87,"minecraft:redstone":28,"minecraft:lily_of_the_valley":1,"minecraft:stone_pressure_plate":1,"minecraft:tnt":17,"minecraft:light_gray_terracotta":27,"minecraft:granite":13,"minecraft:white_terracotta":27,"minecraft:oak_sapling":15,"gobber2:gobber2_goo":4,"minecraft:mutton":8,"minecraft:coal":20,"minecraft:white_wool":6,"minecraft:cobblestone":295},"minecraft:used":{"minecraft:water_bucket":2,"minecraft:flint_and_steel":2,"minecraft:stone_pickaxe":645,"minecraft:stone_shovel":51,"minecraft:chest":3,"minecraft:wooden_pickaxe":15,"minecraft:cooked_chicken":5,"minecraft:jungle_boat":3,"minecraft:torch":94,"minecraft:dirt":78,"minecraft:tnt":2,"minecraft:crafting_table":6,"minecraft:jungle_planks":3,"minecraft:white_bed":1,"minecraft:melon_slice":20,"minecraft:iron_axe":85,"minecraft:iron_pickaxe":30,"minecraft:stone_axe":113,"minecraft:cobblestone":15,"minecraft:furnace":1,"minecraft:bucket":2,"minecraft:andesite":4},"minecraft:dropped":{"minecraft:jungle_planks":3,"minecraft:dirt":43},"minecraft:mined":{"minecraft:tuff":6,"minecraft:cut_sandstone":10,"minecraft:potted_lily_of_the_valley":3,"minecraft:orange_terracotta":3,"minecraft:crafting_table":3,"minecraft:torch":1,"minecraft:light_gray_terracotta":27,"minecraft:granite":13,"minecraft:acacia_log":25,"minecraft:red_sand":1,"minecraft:grass_block":8,"minecraft:melon":14,"minecraft:jungle_planks":3,"gobber2:gobber2_lucky_block":5,"minecraft:jungle_log":10,"minecraft:copper_ore":8,"minecraft:cobblestone":1,"minecraft:lapis_ore":8,"minecraft:oak_planks":5,"minecraft:diorite":56,"minecraft:sandstone":9,"minecraft:wall_torch":16,"minecraft:white_terracotta":27,"minecraft:redstone_ore":6,"minecraft:iron_ore":5,"minecraft:andesite":13,"minecraft:tnt":17,"minecraft:grass":30,"minecraft:bookshelf":14,"minecraft:oak_log":28,"minecraft:coal_ore":20,"minecraft:vine":2,"minecraft:dirt":151,"minecraft:potted_cornflower":1,"minecraft:stone":261,"minecraft:deepslate":136,"minecraft:fern":9},"minecraft:crafted":{"minecraft:oak_planks":132,"minecraft:stone_shovel":1,"sophisticatedbackpacks:backpack":1,"minecraft:crafting_table":3,"minecraft:wooden_pickaxe":1,"minecraft:cooked_chicken":5,"minecraft:furnace":1,"minecraft:bucket":1,"minecraft:stone_axe":1,"minecraft:bookshelf":17,"minecraft:air":0,"minecraft:jungle_planks":36,"minecraft:iron_chestplate":1,"minecraft:golden_apple":2,"minecraft:shield":1,"minecraft:stick":16,"minecraft:iron_ingot":4,"minecraft:stone_pickaxe":6,"minecraft:chest":4,"minecraft:white_bed":1,"minecraft:acacia_planks":36,"minecraft:torch":72},"minecraft:killed":{"minecraft:pig":3,"minecraft:sheep":6,"minecraft:chicken":9,"minecraft:cow":11},"minecraft:custom":{"minecraft:interact_with_furnace":4,"lootr:looted_stat":6,"minecraft:mob_kills":29,"minecraft:interact_with_crafting_table":29,"minecraft:leave_game":14,"minecraft:time_since_death":91490,"minecraft:sleep_in_bed":2,"minecraft:climb_one_cm":48,"minecraft:time_since_rest":34656,"minecraft:sprint_one_cm":142921,"minecraft:damage_taken":436,"minecraft:walk_one_cm":112928,"minecraft:drop":4,"minecraft:damage_dealt":2240,"minecraft:swim_one_cm":509,"minecraft:talked_to_villager":1,"minecraft:fly_one_cm":231443,"minecraft:open_chest":26,"minecraft:play_time":104763,"minecraft:crouch_one_cm":730,"minecraft:deaths":1,"minecraft:sneak_time":484,"minecraft:walk_under_water_one_cm":110,"minecraft:boat_one_cm":19485,"minecraft:jump":1002,"minecraft:walk_on_water_one_cm":909,"minecraft:total_world_time":104763,"minecraft:fall_one_cm":28315},"minecraft:broken":{"minecraft:stone_pickaxe":4}},"DataVersion":3465}