{"stats":{"minecraft:used":{"minecraft:water_bucket":1,"minecraft:stone_pickaxe":108,"minecraft:chest":2,"minecraft:wooden_pickaxe":15,"minecraft:cooked_chicken":2,"minecraft:jungle_boat":1,"minecraft:torch":12,"minecraft:dirt":2,"minecraft:crafting_table":4,"minecraft:jungle_planks":3,"minecraft:iron_axe":36,"minecraft:melon_slice":20,"minecraft:stone_axe":113,"minecraft:cobblestone":15,"minecraft:furnace":1,"minecraft:bucket":1},"minecraft:picked_up":{"minecraft:jungle_boat":1,"minecraft:crafting_table":2,"minecraft:feather":9,"minecraft:chicken":9,"minecraft:jungle_log":10,"minecraft:leather":13,"minecraft:oak_log":28,"minecraft:dirt":119,"minecraft:wheat_seeds":7,"minecraft:beef":19,"minecraft:jungle_sapling":2,"minecraft:melon_slice":69,"minecraft:oak_planks":50,"minecraft:egg":11,"minecraft:book":21,"minecraft:stick":17,"minecraft:raw_iron":4,"minecraft:torch":5,"minecraft:porkchop":5,"minecraft:jungle_planks":6,"minecraft:tnt":4,"minecraft:oak_sapling":15,"minecraft:mutton":8,"minecraft:coal":20,"minecraft:white_wool":6,"minecraft:cobblestone":57},"minecraft:killed":{"minecraft:pig":3,"minecraft:sheep":6,"minecraft:chicken":9,"minecraft:cow":11},"minecraft:crafted":{"minecraft:oak_planks":64,"minecraft:stone_shovel":1,"minecraft:crafting_table":2,"minecraft:wooden_pickaxe":1,"minecraft:cooked_chicken":5,"minecraft:furnace":1,"minecraft:bucket":1,"minecraft:stone_axe":1,"minecraft:air":0,"minecraft:jungle_planks":28,"minecraft:golden_apple":2,"minecraft:stick":12,"minecraft:iron_ingot":4,"minecraft:stone_pickaxe":1,"minecraft:chest":2,"minecraft:white_bed":1,"minecraft:torch":28},"minecraft:dropped":{"minecraft:jungle_planks":3,"minecraft:dirt":43},"minecraft:mined":{"minecraft:potted_lily_of_the_valley":2,"minecraft:crafting_table":2,"minecraft:torch":1,"minecraft:grass_block":4,"minecraft:melon":14,"minecraft:jungle_planks":3,"minecraft:jungle_log":10,"minecraft:cobblestone":1,"minecraft:oak_planks":2,"minecraft:wall_torch":2,"minecraft:iron_ore":4,"minecraft:tnt":4,"minecraft:grass":29,"minecraft:bookshelf":7,"minecraft:coal_ore":20,"minecraft:oak_log":28,"minecraft:vine":2,"minecraft:dirt":72,"minecraft:stone":56,"minecraft:fern":9},"minecraft:custom":{"minecraft:interact_with_furnace":4,"lootr:looted_stat":1,"minecraft:mob_kills":29,"minecraft:interact_with_crafting_table":15,"minecraft:leave_game":13,"minecraft:time_since_death":39183,"minecraft:climb_one_cm":48,"minecraft:time_since_rest":39228,"minecraft:sprint_one_cm":88318,"minecraft:damage_taken":380,"minecraft:walk_one_cm":46296,"minecraft:drop":4,"minecraft:damage_dealt":2240,"minecraft:swim_one_cm":509,"minecraft:talked_to_villager":1,"minecraft:fly_one_cm":163558,"minecraft:open_chest":5,"minecraft:play_time":52456,"minecraft:deaths":1,"minecraft:walk_under_water_one_cm":110,"minecraft:boat_one_cm":11925,"minecraft:jump":676,"minecraft:walk_on_water_one_cm":621,"minecraft:total_world_time":52456,"minecraft:fall_one_cm":20608}},"DataVersion":3465}