{"stats":{"minecraft:crafted":{"minecraft:crafting_table":1,"minecraft:stick":8,"minecraft:wooden_pickaxe":1,"minecraft:iron_ingot":4,"minecraft:cooked_chicken":5,"minecraft:stone_pickaxe":1,"minecraft:furnace":1,"minecraft:white_bed":1,"minecraft:bucket":1,"minecraft:torch":28,"minecraft:stone_axe":1,"minecraft:air":0,"minecraft:jungle_planks":28},"minecraft:used":{"minecraft:melon_slice":7,"minecraft:stone_pickaxe":73,"minecraft:wooden_pickaxe":15,"minecraft:stone_axe":113,"minecraft:torch":4,"minecraft:cobblestone":12,"minecraft:crafting_table":3,"minecraft:furnace":1,"minecraft:jungle_planks":3},"minecraft:mined":{"minecraft:iron_ore":4,"minecraft:crafting_table":2,"minecraft:grass":28,"minecraft:grass_block":1,"minecraft:oak_log":28,"minecraft:coal_ore":20,"minecraft:melon":14,"minecraft:jungle_planks":3,"minecraft:vine":2,"minecraft:jungle_log":10,"minecraft:dirt":28,"minecraft:stone":35,"minecraft:wall_torch":1,"minecraft:fern":8},"minecraft:killed":{"minecraft:sheep":6,"minecraft:pig":3,"minecraft:chicken":9},"minecraft:picked_up":{"minecraft:crafting_table":2,"minecraft:stick":17,"minecraft:raw_iron":4,"minecraft:feather":9,"minecraft:chicken":9,"minecraft:jungle_log":10,"minecraft:torch":1,"minecraft:porkchop":5,"minecraft:jungle_planks":3,"minecraft:oak_log":28,"minecraft:dirt":29,"minecraft:wheat_seeds":7,"minecraft:jungle_sapling":2,"minecraft:oak_sapling":15,"minecraft:melon_slice":69,"minecraft:mutton":8,"minecraft:coal":20,"minecraft:white_wool":6,"minecraft:cobblestone":35,"minecraft:egg":11},"minecraft:custom":{"minecraft:time_since_rest":12614,"minecraft:interact_with_furnace":4,"minecraft:sprint_one_cm":50833,"minecraft:damage_taken":220,"minecraft:walk_one_cm":22937,"minecraft:mob_kills":18,"minecraft:damage_dealt":1140,"minecraft:interact_with_crafting_table":11,"minecraft:fly_one_cm":102551,"minecraft:play_time":25842,"minecraft:deaths":1,"minecraft:jump":390,"minecraft:leave_game":4,"minecraft:time_since_death":12569,"minecraft:total_world_time":25842,"minecraft:climb_one_cm":48,"minecraft:fall_one_cm":9895}},"DataVersion":3465}