{"stats":{"minecraft:broken":{"minecraft:stone_pickaxe":4,"minecraft:iron_axe":1,"minecraft:stone_shovel":11},"minecraft:used":{"minecraft:water_bucket":2,"gobber2:gobber2_goo":4,"minecraft:flint_and_steel":2,"minecraft:stone_pickaxe":653,"minecraft:stone_shovel":1594,"minecraft:chest":3,"minecraft:wooden_pickaxe":15,"minecraft:iron_sword":3,"minecraft:cooked_chicken":9,"minecraft:jungle_boat":3,"minecraft:torch":96,"minecraft:dirt":190,"minecraft:tnt":2,"minecraft:crafting_table":9,"minecraft:jungle_planks":3,"minecraft:white_bed":2,"minecraft:bookshelf":20,"minecraft:iron_pickaxe":30,"minecraft:iron_axe":243,"minecraft:melon_slice":20,"minecraft:stone_axe":113,"minecraft:cobblestone":18,"minecraft:furnace":1,"minecraft:andesite":4,"minecraft:acacia_fence":123,"minecraft:bucket":2},"minecraft:crafted":{"minecraft:oak_planks":148,"minecraft:stone_shovel":15,"sophisticatedbackpacks:backpack":1,"minecraft:crafting_table":4,"minecraft:wooden_pickaxe":1,"minecraft:cooked_chicken":5,"minecraft:furnace":1,"minecraft:bucket":1,"minecraft:stone_axe":1,"minecraft:bookshelf":21,"minecraft:air":0,"minecraft:jungle_planks":40,"minecraft:iron_chestplate":1,"minecraft:golden_apple":2,"minecraft:shield":1,"minecraft:stick":140,"minecraft:iron_ingot":4,"minecraft:stone_pickaxe":6,"minecraft:chest":4,"minecraft:acacia_fence":201,"minecraft:white_bed":1,"minecraft:acacia_planks":440,"minecraft:torch":72},"minecraft:dropped":{"minecraft:jungle_planks":3,"minecraft:dirt":43},"minecraft:custom":{"minecraft:interact_with_furnace":4,"lootr:looted_stat":6,"minecraft:mob_kills":35,"minecraft:interact_with_crafting_table":50,"minecraft:damage_dealt_resisted":0,"minecraft:leave_game":15,"minecraft:time_since_death":140196,"minecraft:sleep_in_bed":6,"minecraft:climb_one_cm":48,"minecraft:time_since_rest":11,"minecraft:sprint_one_cm":286423,"minecraft:damage_taken":566,"minecraft:walk_one_cm":298965,"minecraft:drop":4,"minecraft:damage_dealt":4250,"minecraft:swim_one_cm":2513,"minecraft:talked_to_villager":3,"minecraft:fly_one_cm":316107,"minecraft:open_chest":52,"minecraft:play_time":153469,"minecraft:crouch_one_cm":730,"minecraft:sneak_time":1048,"minecraft:deaths":1,"minecraft:walk_under_water_one_cm":349,"minecraft:boat_one_cm":19485,"minecraft:jump":1555,"minecraft:walk_on_water_one_cm":2178,"minecraft:total_world_time":153469,"minecraft:fall_one_cm":39110},"minecraft:killed":{"minecraft:pig":3,"minecraft:wandering_trader":2,"minecraft:sheep":6,"minecraft:trader_llama":4,"minecraft:chicken":9,"minecraft:cow":11},"minecraft:mined":{"minecraft:tuff":6,"minecraft:cut_sandstone":10,"minecraft:white_bed":1,"minecraft:potted_lily_of_the_valley":3,"minecraft:orange_terracotta":3,"minecraft:dandelion":1,"minecraft:crafting_table":5,"minecraft:torch":2,"minecraft:light_gray_terracotta":27,"minecraft:granite":13,"minecraft:acacia_log":136,"minecraft:red_sand":1,"minecraft:grass_block":532,"minecraft:poppy":1,"minecraft:melon":14,"minecraft:jungle_planks":3,"gobber2:gobber2_lucky_block":5,"minecraft:jungle_log":10,"minecraft:copper_ore":8,"minecraft:tall_grass":24,"minecraft:cobblestone":1,"minecraft:lapis_ore":8,"minecraft:oak_planks":5,"minecraft:oxeye_daisy":1,"minecraft:diorite":56,"minecraft:sandstone":9,"minecraft:wall_torch":18,"minecraft:white_terracotta":27,"minecraft:redstone_ore":6,"minecraft:iron_ore":5,"minecraft:andesite":13,"minecraft:tnt":17,"minecraft:azure_bluet":2,"minecraft:grass":109,"minecraft:bookshelf":14,"minecraft:oak_log":32,"minecraft:coal_ore":20,"minecraft:dirt_path":62,"minecraft:vine":2,"minecraft:acacia_fence":6,"minecraft:dirt":397,"minecraft:potted_cornflower":1,"minecraft:stone":267,"minecraft:oak_leaves":3,"minecraft:deepslate":136,"minecraft:fern":9},"minecraft:picked_up":{"minecraft:crafting_table":5,"minecraft:feather":9,"minecraft:jungle_boat":3,"minecraft:azure_bluet":2,"minecraft:chicken":9,"minecraft:flower_pot":2,"minecraft:andesite":13,"minecraft:jungle_log":10,"minecraft:cut_sandstone":10,"minecraft:leather":15,"minecraft:lead":6,"minecraft:tuff":6,"minecraft:oak_log":32,"minecraft:lapis_lazuli":52,"minecraft:cornflower":1,"minecraft:dirt":1056,"minecraft:raw_copper":27,"minecraft:orange_terracotta":3,"minecraft:apple":1,"minecraft:wheat_seeds":30,"minecraft:red_sand":1,"minecraft:cobbled_deepslate":136,"minecraft:beef":19,"minecraft:jungle_sapling":2,"gobber2:gobber2_globette":7,"minecraft:poppy":1,"minecraft:melon_slice":69,"minecraft:oak_planks":53,"minecraft:acacia_sapling":43,"gobber2:gobber2_gooey_bread":1,"minecraft:egg":12,"minecraft:book":42,"minecraft:stick":45,"minecraft:raw_iron":5,"minecraft:sandstone":9,"minecraft:acacia_fence":6,"minecraft:torch":27,"minecraft:acacia_log":129,"minecraft:dandelion":1,"minecraft:porkchop":5,"minecraft:jungle_planks":6,"minecraft:white_bed":1,"minecraft:diorite":87,"minecraft:redstone":28,"minecraft:lily_of_the_valley":1,"minecraft:stone_pressure_plate":1,"minecraft:tnt":17,"minecraft:light_gray_terracotta":27,"minecraft:granite":13,"minecraft:white_terracotta":27,"minecraft:oak_sapling":17,"minecraft:mutton":8,"minecraft:coal":20,"gobber2:gobber2_goo":4,"minecraft:white_wool":6,"minecraft:cobblestone":301,"minecraft:oxeye_daisy":1}},"DataVersion":3465}