{"stats":{"minecraft:picked_up":{"minecraft:crafting_table":3,"minecraft:jungle_boat":3,"minecraft:feather":9,"minecraft:chicken":9,"minecraft:flower_pot":2,"minecraft:andesite":13,"minecraft:jungle_log":10,"minecraft:lead":2,"minecraft:cut_sandstone":10,"minecraft:leather":15,"minecraft:tuff":6,"minecraft:oak_log":32,"minecraft:lapis_lazuli":52,"minecraft:cornflower":1,"minecraft:dirt":702,"minecraft:raw_copper":27,"minecraft:orange_terracotta":3,"minecraft:apple":1,"minecraft:wheat_seeds":14,"minecraft:red_sand":1,"minecraft:cobbled_deepslate":136,"minecraft:beef":19,"minecraft:jungle_sapling":2,"gobber2:gobber2_globette":7,"minecraft:melon_slice":69,"minecraft:acacia_sapling":43,"minecraft:oak_planks":53,"gobber2:gobber2_gooey_bread":1,"minecraft:egg":12,"minecraft:book":42,"minecraft:stick":45,"minecraft:raw_iron":5,"minecraft:sandstone":9,"minecraft:acacia_fence":2,"minecraft:dandelion":1,"minecraft:torch":24,"minecraft:acacia_log":129,"minecraft:porkchop":5,"minecraft:jungle_planks":6,"minecraft:diorite":87,"minecraft:redstone":28,"minecraft:lily_of_the_valley":1,"minecraft:stone_pressure_plate":1,"minecraft:tnt":17,"minecraft:light_gray_terracotta":27,"minecraft:granite":13,"minecraft:white_terracotta":27,"minecraft:oak_sapling":17,"gobber2:gobber2_goo":4,"minecraft:mutton":8,"minecraft:coal":20,"minecraft:white_wool":6,"minecraft:cobblestone":295},"minecraft:used":{"minecraft:water_bucket":2,"gobber2:gobber2_goo":1,"minecraft:flint_and_steel":2,"minecraft:stone_pickaxe":645,"minecraft:stone_shovel":656,"minecraft:chest":3,"minecraft:wooden_pickaxe":15,"minecraft:cooked_chicken":9,"minecraft:jungle_boat":3,"minecraft:torch":94,"minecraft:dirt":148,"minecraft:tnt":2,"minecraft:crafting_table":7,"minecraft:jungle_planks":3,"minecraft:white_bed":1,"minecraft:melon_slice":20,"minecraft:iron_axe":230,"minecraft:iron_pickaxe":30,"minecraft:stone_axe":113,"minecraft:cobblestone":15,"minecraft:furnace":1,"minecraft:acacia_fence":106,"minecraft:bucket":2,"minecraft:andesite":4},"minecraft:dropped":{"minecraft:jungle_planks":3,"minecraft:dirt":43},"minecraft:mined":{"minecraft:tuff":6,"minecraft:cut_sandstone":10,"minecraft:potted_lily_of_the_valley":3,"minecraft:orange_terracotta":3,"minecraft:dandelion":1,"minecraft:crafting_table":3,"minecraft:torch":1,"minecraft:light_gray_terracotta":27,"minecraft:granite":13,"minecraft:acacia_log":136,"minecraft:red_sand":1,"minecraft:grass_block":262,"minecraft:melon":14,"minecraft:jungle_planks":3,"gobber2:gobber2_lucky_block":5,"minecraft:jungle_log":10,"minecraft:tall_grass":7,"minecraft:copper_ore":8,"minecraft:cobblestone":1,"minecraft:lapis_ore":8,"minecraft:oak_planks":5,"minecraft:diorite":56,"minecraft:sandstone":9,"minecraft:wall_torch":16,"minecraft:white_terracotta":27,"minecraft:redstone_ore":6,"minecraft:iron_ore":5,"minecraft:andesite":13,"minecraft:tnt":17,"minecraft:grass":70,"minecraft:bookshelf":14,"minecraft:oak_log":32,"minecraft:coal_ore":20,"minecraft:dirt_path":38,"minecraft:vine":2,"minecraft:acacia_fence":2,"minecraft:dirt":337,"minecraft:potted_cornflower":1,"minecraft:stone":261,"minecraft:oak_leaves":3,"minecraft:deepslate":136,"minecraft:fern":9},"minecraft:crafted":{"minecraft:oak_planks":148,"minecraft:stone_shovel":7,"sophisticatedbackpacks:backpack":1,"minecraft:crafting_table":4,"minecraft:wooden_pickaxe":1,"minecraft:cooked_chicken":5,"minecraft:furnace":1,"minecraft:bucket":1,"minecraft:stone_axe":1,"minecraft:bookshelf":17,"minecraft:air":0,"minecraft:jungle_planks":36,"minecraft:iron_chestplate":1,"minecraft:golden_apple":2,"minecraft:shield":1,"minecraft:stick":124,"minecraft:iron_ingot":4,"minecraft:stone_pickaxe":6,"minecraft:chest":4,"minecraft:acacia_fence":201,"minecraft:white_bed":1,"minecraft:acacia_planks":436,"minecraft:torch":72},"minecraft:killed":{"minecraft:pig":3,"minecraft:wandering_trader":1,"minecraft:sheep":6,"minecraft:trader_llama":2,"minecraft:chicken":9,"minecraft:cow":11},"minecraft:custom":{"minecraft:interact_with_furnace":4,"lootr:looted_stat":6,"minecraft:mob_kills":32,"minecraft:interact_with_crafting_table":42,"minecraft:leave_game":14,"minecraft:time_since_death":115490,"minecraft:sleep_in_bed":3,"minecraft:climb_one_cm":48,"minecraft:time_since_rest":12765,"minecraft:sprint_one_cm":210853,"minecraft:damage_taken":526,"minecraft:walk_one_cm":186124,"minecraft:drop":4,"minecraft:damage_dealt":2970,"minecraft:swim_one_cm":2513,"minecraft:talked_to_villager":2,"minecraft:fly_one_cm":289369,"minecraft:open_chest":36,"minecraft:play_time":128763,"minecraft:crouch_one_cm":730,"minecraft:deaths":1,"minecraft:sneak_time":704,"minecraft:walk_under_water_one_cm":349,"minecraft:boat_one_cm":19485,"minecraft:jump":1361,"minecraft:walk_on_water_one_cm":2178,"minecraft:total_world_time":128763,"minecraft:fall_one_cm":36377},"minecraft:broken":{"minecraft:stone_pickaxe":4,"minecraft:stone_shovel":4}},"DataVersion":3465}