{"stats":{"minecraft:broken":{"minecraft:stone_pickaxe":4,"minecraft:iron_axe":1,"minecraft:stone_shovel":11},"minecraft:used":{"gobber2:gobber2_goo":4,"minecraft:flint_and_steel":2,"minecraft:stone_shovel":1594,"gobber2:gobber2_gooey_bread":1,"minecraft:chest":3,"minecraft:iron_sword":3,"minecraft:cooked_chicken":9,"minecraft:torch":96,"minecraft:dirt":190,"minecraft:white_carpet":3,"minecraft:jungle_planks":3,"minecraft:bookshelf":20,"minecraft:iron_axe":253,"minecraft:stone_brick_stairs":7,"minecraft:furnace":7,"minecraft:acacia_fence":123,"minecraft:water_bucket":2,"minecraft:stone_pickaxe":653,"minecraft:wooden_pickaxe":15,"minecraft:stonecutter":1,"minecraft:sugar_cane":9,"minecraft:jungle_boat":3,"minecraft:tnt":2,"minecraft:crafting_table":9,"minecraft:white_bed":2,"minecraft:iron_pickaxe":30,"minecraft:melon_slice":23,"minecraft:stone_axe":113,"minecraft:cobblestone":18,"minecraft:andesite":4,"minecraft:bucket":2},"minecraft:custom":{"lootr:looted_stat":6,"minecraft:mob_kills":35,"minecraft:interact_with_crafting_table":62,"minecraft:damage_dealt_resisted":0,"minecraft:leave_game":16,"minecraft:time_since_death":157073,"minecraft:climb_one_cm":48,"minecraft:sprint_one_cm":331863,"minecraft:walk_one_cm":326650,"minecraft:drop":4,"minecraft:talked_to_villager":3,"minecraft:play_time":170346,"minecraft:deaths":1,"minecraft:sneak_time":1127,"minecraft:walk_under_water_one_cm":349,"minecraft:boat_one_cm":19485,"minecraft:jump":1814,"minecraft:walk_on_water_one_cm":2178,"minecraft:total_world_time":170346,"minecraft:interact_with_furnace":22,"minecraft:interact_with_stonecutter":4,"minecraft:sleep_in_bed":7,"minecraft:time_since_rest":3436,"minecraft:damage_taken":591,"minecraft:damage_dealt":4250,"minecraft:swim_one_cm":2513,"minecraft:fly_one_cm":377284,"minecraft:open_chest":84,"minecraft:crouch_one_cm":734,"minecraft:fall_one_cm":43079},"minecraft:dropped":{"minecraft:jungle_planks":3,"minecraft:dirt":43},"minecraft:killed":{"minecraft:chicken":9,"minecraft:pig":3,"minecraft:wandering_trader":2,"minecraft:sheep":6,"minecraft:trader_llama":4,"minecraft:cow":11},"minecraft:mined":{"minecraft:tuff":6,"minecraft:white_bed":1,"minecraft:granite":13,"minecraft:red_sand":1,"minecraft:acacia_log":136,"minecraft:grass_block":532,"minecraft:jungle_planks":3,"gobber2:gobber2_lucky_block":5,"minecraft:jungle_log":10,"minecraft:oxeye_daisy":1,"minecraft:sandstone":9,"minecraft:redstone_ore":6,"minecraft:iron_ore":5,"minecraft:andesite":13,"minecraft:azure_bluet":2,"minecraft:bookshelf":14,"minecraft:vine":2,"minecraft:dirt_path":63,"minecraft:potted_cornflower":1,"minecraft:stone":267,"minecraft:cut_sandstone":10,"minecraft:potted_lily_of_the_valley":3,"minecraft:orange_terracotta":3,"minecraft:dandelion":1,"minecraft:crafting_table":5,"minecraft:torch":2,"minecraft:light_gray_terracotta":27,"minecraft:poppy":6,"minecraft:melon":14,"minecraft:cobblestone":1,"minecraft:tall_grass":24,"minecraft:copper_ore":8,"minecraft:lapis_ore":8,"minecraft:sugar_cane":3,"minecraft:oak_planks":5,"minecraft:diorite":56,"minecraft:wall_torch":18,"minecraft:white_terracotta":27,"minecraft:white_carpet":1,"minecraft:tnt":17,"minecraft:grass":110,"minecraft:oak_log":32,"minecraft:coal_ore":20,"minecraft:acacia_fence":6,"minecraft:dirt":397,"minecraft:oak_leaves":3,"minecraft:deepslate":136,"minecraft:fern":9},"minecraft:picked_up":{"minecraft:crafting_table":5,"minecraft:azure_bluet":2,"minecraft:chicken":9,"minecraft:flower_pot":2,"minecraft:lead":6,"minecraft:cornflower":1,"minecraft:raw_copper":27,"minecraft:white_carpet":1,"minecraft:red_sand":1,"minecraft:cobbled_deepslate":136,"minecraft:beef":19,"minecraft:jungle_sapling":2,"minecraft:poppy":6,"minecraft:sugar_cane":18,"minecraft:melon_slice":69,"minecraft:egg":12,"minecraft:stick":45,"minecraft:raw_iron":5,"minecraft:sandstone":9,"minecraft:acacia_fence":6,"minecraft:torch":27,"minecraft:acacia_log":129,"minecraft:porkchop":5,"minecraft:diorite":87,"minecraft:redstone":28,"minecraft:stone_pressure_plate":1,"minecraft:tnt":17,"minecraft:white_terracotta":27,"minecraft:mutton":8,"minecraft:white_wool":6,"minecraft:cobblestone":301,"minecraft:oxeye_daisy":1,"minecraft:feather":9,"minecraft:jungle_boat":3,"minecraft:jungle_log":10,"minecraft:andesite":13,"minecraft:leather":15,"minecraft:cut_sandstone":10,"minecraft:tuff":6,"minecraft:oak_log":32,"minecraft:lapis_lazuli":52,"minecraft:dirt":1057,"minecraft:orange_terracotta":3,"minecraft:apple":1,"minecraft:wheat_seeds":30,"gobber2:gobber2_globette":7,"minecraft:acacia_sapling":43,"minecraft:oak_planks":53,"gobber2:gobber2_gooey_bread":1,"minecraft:book":42,"minecraft:dandelion":1,"minecraft:jungle_planks":6,"minecraft:white_bed":1,"minecraft:lily_of_the_valley":1,"minecraft:light_gray_terracotta":27,"minecraft:granite":13,"minecraft:oak_sapling":17,"gobber2:gobber2_goo":4,"minecraft:coal":20},"minecraft:crafted":{"minecraft:jungle_button":1,"minecraft:oak_planks":148,"minecraft:stone_shovel":15,"mahoutsukai:guidebook":1,"minecraft:cooked_chicken":5,"minecraft:furnace":7,"minecraft:stone":13,"minecraft:bookshelf":21,"minecraft:white_carpet":3,"minecraft:stone_pickaxe":6,"minecraft:chest":4,"minecraft:acacia_fence":201,"minecraft:red_dye":5,"sophisticatedbackpacks:backpack":1,"minecraft:crafting_table":4,"minecraft:wooden_pickaxe":1,"minecraft:bucket":1,"minecraft:stone_axe":1,"minecraft:air":0,"minecraft:jungle_planks":40,"minecraft:iron_chestplate":1,"minecraft:paper":9,"minecraft:charcoal":14,"minecraft:golden_apple":2,"minecraft:shield":1,"minecraft:stick":156,"minecraft:iron_ingot":5,"minecraft:stonecutter":1,"minecraft:white_bed":1,"minecraft:acacia_planks":440,"minecraft:torch":124}},"DataVersion":3465}