{"stats":{"minecraft:broken":{"minecraft:stone_pickaxe":6,"minecraft:iron_axe":1,"minecraft:stone_shovel":11},"minecraft:used":{"gobber2:gobber2_goo":4,"minecraft:flint_and_steel":4,"minecraft:stone_shovel":1637,"gobber2:gobber2_gooey_bread":2,"minecraft:chest":3,"minecraft:iron_sword":3,"minecraft:cooked_chicken":9,"minecraft:torch":123,"minecraft:dirt":224,"minecraft:white_carpet":3,"minecraft:jungle_planks":3,"minecraft:bookshelf":20,"minecraft:iron_axe":449,"minecraft:stone_brick_stairs":7,"gobber2:gobber2_gooey_beef":3,"minecraft:furnace":10,"minecraft:acacia_fence":123,"minecraft:cobbled_deepslate":57,"minecraft:water_bucket":9,"minecraft:stone_pickaxe":805,"minecraft:wooden_pickaxe":15,"minecraft:stonecutter":1,"minecraft:sugar_cane":9,"minecraft:jungle_boat":10,"minecraft:tnt":4,"minecraft:crafting_table":11,"minecraft:white_bed":6,"minecraft:apple":1,"minecraft:bread":15,"minecraft:iron_pickaxe":182,"minecraft:melon_slice":40,"minecraft:stone_axe":113,"minecraft:cobblestone":18,"minecraft:andesite":4,"minecraft:bucket":9},"minecraft:custom":{"lootr:looted_stat":16,"minecraft:mob_kills":38,"minecraft:interact_with_crafting_table":71,"minecraft:damage_dealt_resisted":0,"minecraft:leave_game":17,"minecraft:time_since_death":243006,"minecraft:climb_one_cm":48,"minecraft:sprint_one_cm":683548,"minecraft:walk_one_cm":449767,"minecraft:drop":6,"minecraft:talked_to_villager":7,"minecraft:play_time":256279,"minecraft:deaths":1,"minecraft:sneak_time":1546,"minecraft:walk_under_water_one_cm":1721,"minecraft:boat_one_cm":158310,"minecraft:jump":3600,"minecraft:walk_on_water_one_cm":6465,"minecraft:total_world_time":256279,"minecraft:interact_with_furnace":34,"minecraft:interact_with_stonecutter":5,"minecraft:sleep_in_bed":13,"minecraft:time_since_rest":8703,"minecraft:damage_taken":1092,"minecraft:damage_absorbed":39,"minecraft:damage_dealt":4822,"minecraft:swim_one_cm":11545,"minecraft:fly_one_cm":812035,"minecraft:open_chest":107,"minecraft:crouch_one_cm":1518,"minecraft:fall_one_cm":93825},"minecraft:dropped":{"minecraft:jungle_planks":3,"minecraft:emerald":1,"minecraft:dirt":43,"minecraft:flint_and_steel":1},"minecraft:killed":{"minecraft:chicken":9,"minecraft:pig":3,"minecraft:wandering_trader":2,"minecraft:sheep":7,"minecraft:trader_llama":4,"minecraft:donkey":1,"minecraft:zombie":1,"minecraft:cow":11},"minecraft:mined":{"minecraft:tuff":11,"minecraft:spruce_planks":4,"minecraft:white_bed":6,"botania:orange_double_flower":1,"minecraft:deepslate_diamond_ore":3,"botania:red_mystical_flower":7,"botania:pink_double_flower":1,"minecraft:granite":13,"minecraft:red_sand":1,"minecraft:acacia_log":142,"minecraft:grass_block":532,"minecraft:jungle_planks":3,"gobber2:gobber2_lucky_block":22,"minecraft:jungle_log":10,"minecraft:oxeye_daisy":1,"minecraft:sandstone":9,"botania:light_gray_mystical_flower":2,"botania:purple_mystical_flower":7,"minecraft:redstone_ore":6,"botania:magenta_mystical_flower":3,"minecraft:furnace":2,"minecraft:iron_ore":9,"minecraft:cobbled_deepslate":6,"botania:lime_double_flower":1,"minecraft:andesite":13,"minecraft:azure_bluet":2,"minecraft:bookshelf":35,"minecraft:vine":2,"minecraft:dirt_path":63,"minecraft:iron_bars":4,"minecraft:potted_cornflower":2,"botania:brown_mystical_flower":11,"botania:light_blue_double_flower":1,"minecraft:stone":298,"botania:light_blue_mystical_flower":8,"botania:green_mystical_flower":2,"minecraft:cut_sandstone":10,"botania:lime_mystical_flower":8,"botania:orange_mystical_flower":9,"ars_nouveau:green_archwood_log":62,"minecraft:potted_lily_of_the_valley":9,"minecraft:orange_terracotta":3,"minecraft:dandelion":1,"minecraft:crafting_table":7,"minecraft:torch":2,"minecraft:light_gray_terracotta":27,"minecraft:poppy":6,"minecraft:melon":14,"minecraft:lectern":1,"mahoutsukai:mahoujin":1,"minecraft:cobblestone":1,"minecraft:tall_grass":24,"minecraft:copper_ore":8,"botania:blue_mystical_flower":8,"minecraft:lapis_ore":8,"minecraft:sugar_cane":3,"minecraft:oak_planks":7,"botania:black_mystical_flower":5,"botania:blue_double_flower":2,"minecraft:diorite":56,"minecraft:wall_torch":20,"botania:pink_mystical_flower":10,"minecraft:white_terracotta":27,"botania:cyan_mystical_flower":2,"botania:red_double_flower":2,"minecraft:white_carpet":1,"minecraft:tnt":29,"gobber2:gobber2_lucky_block_deepslate":4,"minecraft:grass":133,"botania:white_mystical_flower":8,"botania:yellow_mystical_flower":4,"minecraft:oak_log":32,"minecraft:coal_ore":135,"minecraft:acacia_fence":6,"minecraft:dirt":434,"minecraft:oak_leaves":4,"minecraft:deepslate":248,"minecraft:fern":9},"minecraft:picked_up":{"minecraft:crafting_table":7,"minecraft:azure_bluet":2,"minecraft:chicken":9,"minecraft:flower_pot":8,"minecraft:lead":6,"botania:light_blue_double_flower":1,"minecraft:cornflower":2,"minecraft:raw_copper":27,"minecraft:flint_and_steel":1,"minecraft:item_frame":1,"minecraft:white_carpet":1,"botania:magenta_mystical_flower":3,"minecraft:red_sand":1,"minecraft:cobbled_deepslate":308,"minecraft:spruce_planks":3,"minecraft:beef":19,"ars_nouveau:mendosteen_pod":1,"minecraft:jungle_sapling":2,"minecraft:poppy":6,"minecraft:lectern":1,"minecraft:sugar_cane":18,"minecraft:melon_slice":69,"minecraft:furnace":2,"minecraft:egg":12,"apotheosis:gem":4,"minecraft:stick":46,"minecraft:raw_iron":9,"minecraft:sandstone":9,"minecraft:acacia_fence":6,"botania:yellow_mystical_flower":4,"minecraft:torch":30,"minecraft:acacia_log":135,"minecraft:porkchop":5,"minecraft:diorite":87,"minecraft:redstone":28,"minecraft:stone_pressure_plate":1,"ars_nouveau:green_archwood_log":62,"botania:white_mystical_flower":8,"gobber2:gobber2_foo":2,"minecraft:tnt":28,"botania:orange_double_flower":1,"minecraft:rotten_flesh":1,"botania:lime_mystical_flower":8,"botania:light_gray_mystical_flower":2,"botania:blue_mystical_flower":7,"minecraft:white_terracotta":27,"botania:blue_double_flower":2,"botania:green_mystical_flower":2,"minecraft:mutton":8,"minecraft:iron_bars":2,"minecraft:white_wool":6,"minecraft:cobblestone":330,"minecraft:oxeye_daisy":1,"minecraft:feather":9,"minecraft:jungle_boat":9,"minecraft:jungle_log":10,"minecraft:andesite":13,"minecraft:leather":15,"minecraft:cut_sandstone":10,"minecraft:tuff":11,"minecraft:oak_log":32,"minecraft:lapis_lazuli":52,"minecraft:dirt":1094,"botania:black_mystical_flower":5,"botania:light_blue_mystical_flower":8,"minecraft:orange_terracotta":3,"ars_nouveau:green_archwood_sapling":5,"botania:cyan_mystical_flower":2,"minecraft:apple":1,"botania:pink_mystical_flower":10,"gobber2:gobber2_gooey_beef":3,"minecraft:wheat_seeds":36,"botania:purple_mystical_flower":7,"gobber2:gobber2_globette":16,"minecraft:acacia_sapling":43,"minecraft:oak_planks":53,"gobber2:gobber2_gooey_bread":8,"minecraft:book":105,"botania:red_mystical_flower":7,"botania:pink_double_flower":1,"minecraft:dandelion":1,"minecraft:jungle_planks":6,"minecraft:white_bed":6,"minecraft:lily_of_the_valley":6,"minecraft:light_gray_terracotta":27,"minecraft:diamond":3,"botania:orange_mystical_flower":8,"minecraft:granite":13,"minecraft:oak_sapling":17,"botania:brown_mystical_flower":10,"gobber2:gobber2_goo":13,"minecraft:coal":134},"minecraft:crafted":{"minecraft:jungle_button":1,"minecraft:oak_planks":148,"minecraft:stone_shovel":15,"mahoutsukai:guidebook":1,"botania:purple_petal":4,"minecraft:cooked_chicken":5,"minecraft:furnace":8,"minecraft:stone":22,"minecraft:bookshelf":21,"mahoutsukai:dagger":1,"minecraft:white_carpet":3,"gobber2:gobber2_glob":1,"minecraft:stone_pickaxe":6,"minecraft:chest":4,"minecraft:acacia_fence":201,"minecraft:magenta_dye":6,"minecraft:wheat":99,"botania:pink_petal":4,"minecraft:red_dye":5,"sophisticatedbackpacks:backpack":1,"gobber2:gobber2_ingot":3,"minecraft:crafting_table":5,"minecraft:wooden_pickaxe":1,"minecraft:bucket":1,"minecraft:stone_axe":1,"minecraft:bread":38,"minecraft:air":0,"minecraft:jungle_planks":40,"minecraft:purple_dye":4,"minecraft:iron_chestplate":1,"minecraft:paper":9,"minecraft:charcoal":23,"minecraft:golden_apple":2,"minecraft:shield":1,"minecraft:stick":160,"minecraft:iron_ingot":9,"botania:magenta_petal":6,"minecraft:stonecutter":1,"minecraft:white_bed":1,"minecraft:acacia_planks":464,"minecraft:torch":124}},"DataVersion":3465}