{"stats":{"minecraft:picked_up":{"minecraft:seagrass":1,"minecraft:flower_pot":22,"minecraft:lead":14,"minecraft:acacia_pressure_plate":2,"minecraft:stone_brick_stairs":20,"botania:light_blue_double_flower":2,"minecraft:string":7,"minecraft:soul_soil":9,"minecraft:raw_copper":27,"mahoutsukai:scroll_mystic_staff":1,"minecraft:iron_leggings":1,"minecraft:red_sand":1,"minecraft:gold_nugget":1,"minecraft:cobbled_deepslate":1624,"minecraft:spruce_planks":11,"minecraft:cobblestone_slab":43,"minecraft:ender_eye":1,"ars_nouveau:mendosteen_pod":1,"minecraft:iron_pickaxe":1,"minecraft:melon_slice":69,"minecraft:furnace":6,"minecraft:stick":135,"apotheosis:gem":7,"botania:cyan_double_flower":2,"minecraft:acacia_fence":8,"minecraft:acacia_log":168,"minecraft:torch":89,"botania:yellow_mystical_flower":12,"botania:redstone_spreader":5,"minecraft:porkchop":16,"minecraft:cherry_log":44,"minecraft:diorite":301,"botania:white_mystical_flower":30,"gobber2:gobber2_foo":6,"minecraft:orange_bed":3,"botania:manasteel_ingot":4,"minecraft:rotten_flesh":30,"botania:orange_double_flower":1,"botania:light_gray_mystical_flower":9,"botania:livingrock":59,"ars_nouveau:worn_notebook":1,"botania:livingwood_log":50,"minecraft:white_terracotta":27,"mahoutsukai:scroll_damage_exchange":1,"botania:blue_double_flower":3,"minecraft:obsidian":28,"minecraft:iron_bars":9,"minecraft:cobblestone":1383,"minecraft:nautilus_shell":1,"minecraft:pink_petals":36,"minecraft:feather":9,"minecraft:andesite":28,"minecraft:jungle_log":10,"minecraft:flint":13,"minecraft:tuff":18,"gobber2:gobber2_gooey_bread_nether":1,"minecraft:acacia_boat":24,"minecraft:lapis_lazuli":114,"minecraft:dirt":1229,"botania:livingrock_slab":1,"botania:white_double_flower":1,"botania:mana_diamond":3,"gobber2:gobber2_glob_nether":2,"minecraft:bone":4,"minecraft:acacia_planks":36,"botania:cyan_mystical_flower":9,"minecraft:stonecutter":1,"minecraft:wheat_seeds":73,"minecraft:bow":2,"gobber2:gobber2_gooey_beef":20,"botania:pink_mystical_flower":23,"minecraft:raw_gold":55,"botania:purple_mystical_flower":24,"gobber2:gobber2_globette":60,"minecraft:fletching_table":9,"minecraft:rabbit":1,"minecraft:oak_planks":55,"botania:mana_pool":3,"gobber2:gobber2_gooey_bread":38,"botania:red_mystical_flower":17,"botania:pink_double_flower":1,"minecraft:jungle_planks":6,"minecraft:sand":2,"botania:blue_petal":2,"minecraft:lily_of_the_valley":16,"minecraft:light_gray_terracotta":27,"minecraft:diamond":17,"minecraft:granite":63,"minecraft:golden_apple":10,"minecraft:emerald":1,"minecraft:oak_sapling":20,"minecraft:netherrack":30,"gobber2:gobber2_goo":40,"minecraft:crimson_roots":2,"minecraft:crafting_table":8,"minecraft:azure_bluet":2,"botania:brown_double_flower":1,"minecraft:chicken":10,"minecraft:clay_ball":28,"botania:open_crate":1,"minecraft:gold_block":4,"ars_nouveau:archwood_planks":2,"minecraft:cornflower":6,"botania:endoflame":20,"minecraft:iron_axe":3,"minecraft:flint_and_steel":2,"minecraft:item_frame":1,"minecraft:white_carpet":1,"minecraft:iron_shovel":2,"botania:magenta_mystical_flower":11,"botania:diluted_pool":2,"botania:pure_daisy":9,"minecraft:beef":19,"minecraft:jungle_sapling":2,"minecraft:poppy":9,"minecraft:lectern":93,"minecraft:sugar_cane":191,"minecraft:egg":15,"minecraft:raw_iron":61,"minecraft:sandstone":9,"minecraft:copper_ingot":2,"botania:lime_double_flower":1,"minecraft:carrot":1,"minecraft:redstone":126,"minecraft:stone_pressure_plate":1,"ars_nouveau:green_archwood_log":384,"minecraft:tnt":48,"gobber2:gobber2_globette_nether":15,"minecraft:arrow":4,"botania:lime_mystical_flower":25,"botania:blue_mystical_flower":20,"botania:green_mystical_flower":16,"minecraft:mutton":13,"minecraft:bone_block":24,"minecraft:white_wool":10,"minecraft:oxeye_daisy":1,"mahoutsukai:scroll_projection":4,"minecraft:jungle_boat":22,"gobber2:gobber2_gooey_beefstew":10,"minecraft:cut_sandstone":10,"minecraft:leather":27,"minecraft:oak_log":38,"mahoutsukai:scroll_fay_sight":1,"botania:light_blue_mystical_flower":27,"botania:black_mystical_flower":10,"minecraft:orange_terracotta":3,"ars_nouveau:green_archwood_sapling":70,"minecraft:apple":2,"minecraft:stone_bricks":29,"gobber2:gobber2_pickaxe":3,"minecraft:rabbit_hide":1,"minecraft:iron_ingot":5,"minecraft:iron_sword":5,"minecraft:soul_sand":2,"minecraft:acacia_sapling":54,"botania:mana_spreader":2,"minecraft:book":207,"minecraft:oak_slab":1,"minecraft:stone_brick_slab":6,"minecraft:quartz":22,"minecraft:dandelion":1,"minecraft:gravel":223,"minecraft:amethyst_shard":15,"minecraft:blast_furnace":4,"minecraft:white_bed":20,"minecraft:crying_obsidian":3,"botania:orange_mystical_flower":21,"minecraft:cherry_sapling":28,"botania:brown_mystical_flower":27,"minecraft:coal":299,"minecraft:ender_pearl":1,"minecraft:sunflower":1},"minecraft:used":{"botania:mana_pylon":2,"gobber2:gobber2_goo":40,"minecraft:iron_shovel":230,"minecraft:chest":13,"gobber2:gobber2_gooey_bread":37,"minecraft:shield":41,"minecraft:iron_sword":643,"minecraft:stone":49,"minecraft:jungle_planks":3,"minecraft:obsidian":34,"minecraft:lava_bucket":2,"minecraft:villager_spawn_egg":1,"minecraft:lantern":4,"ars_nouveau:green_archwood_sapling":12,"minecraft:stone_brick_stairs":72,"gobber2:gobber2_hammer":102,"minecraft:stone_bricks":218,"minecraft:furnace":13,"minecraft:acacia_fence":141,"minecraft:egg":1,"ars_nouveau:green_archwood_log":32,"botania:runic_altar":1,"gobber2:gobber2_pickaxe":703,"minecraft:diorite":1,"minecraft:stone_pickaxe":1140,"minecraft:wooden_pickaxe":15,"minecraft:sugar_cane":9,"botania:diluted_pool":1,"minecraft:jungle_boat":23,"minecraft:golden_apple":4,"minecraft:blast_furnace":6,"gobber2:gobber2_gooey_bread_nether":1,"gobber2:gobber2_gooey_beefstew":9,"minecraft:melon_slice":40,"minecraft:bread":30,"minecraft:lectern":94,"minecraft:gravel":57,"minecraft:fire_charge":1,"botania:pure_daisy":8,"minecraft:andesite":7,"mahoutsukai:spell_cloth":9,"minecraft:enchanting_table":1,"minecraft:acacia_log":18,"minecraft:flint_and_steel":8,"minecraft:stone_shovel":1687,"minecraft:redstone":2,"ars_nouveau:archwood_slab":14,"minecraft:cooked_chicken":9,"minecraft:netherrack":26,"botania:open_crate":1,"minecraft:orange_bed":2,"minecraft:torch":358,"minecraft:dirt":262,"minecraft:white_carpet":3,"botania:twig_wand":70,"minecraft:golden_shovel":32,"minecraft:stone_brick_slab":21,"minecraft:wooden_axe":62,"minecraft:bookshelf":22,"minecraft:iron_axe":1078,"gobber2:gobber2_gooey_beef":12,"gobber2:gobber2_staff_ensnarement":10,"botania:mana_pool":5,"minecraft:cobbled_deepslate":211,"minecraft:acacia_planks":117,"minecraft:acacia_boat":24,"minecraft:water_bucket":67,"botania:redstone_spreader":5,"botania:endoflame":16,"botania:mana_spreader":3,"minecraft:fletching_table":12,"minecraft:stonecutter":2,"minecraft:cobblestone_slab":43,"minecraft:tnt":6,"minecraft:crafting_table":15,"minecraft:white_bed":21,"minecraft:campfire":2,"botania:apothecary_default":1,"minecraft:apple":1,"minecraft:iron_pickaxe":1562,"minecraft:suspicious_stew":2,"minecraft:stone_axe":256,"minecraft:cobblestone":198,"minecraft:acacia_pressure_plate":3,"minecraft:bucket":80,"ars_nouveau:scribes_table":1},"minecraft:custom":{"lootr:looted_stat":36,"minecraft:interact_with_crafting_table":160,"minecraft:leave_game":26,"minecraft:time_since_death":960692,"minecraft:damage_resisted":151,"minecraft:sprint_one_cm":2560478,"minecraft:damage_blocked_by_shield":2491,"minecraft:drop":138,"minecraft:talked_to_villager":195,"minecraft:play_time":973965,"minecraft:deaths":1,"minecraft:jump":11626,"minecraft:walk_on_water_one_cm":41828,"minecraft:enchant_item":9,"minecraft:interact_with_furnace":193,"minecraft:traded_with_villager":68,"minecraft:sleep_in_bed":60,"minecraft:damage_dealt":19422,"minecraft:crouch_one_cm":15674,"minecraft:mob_kills":111,"minecraft:damage_dealt_resisted":167,"minecraft:climb_one_cm":73,"minecraft:walk_one_cm":1489604,"minecraft:sneak_time":9452,"minecraft:walk_under_water_one_cm":20319,"minecraft:boat_one_cm":886399,"minecraft:interact_with_blast_furnace":3,"minecraft:total_world_time":973965,"minecraft:interact_with_stonecutter":41,"minecraft:time_since_rest":1450,"minecraft:damage_taken":4517,"minecraft:damage_absorbed":1279,"minecraft:swim_one_cm":41035,"minecraft:fly_one_cm":2672396,"minecraft:open_chest":458,"minecraft:fall_one_cm":262544},"minecraft:broken":{"minecraft:iron_shovel":1,"minecraft:golden_shovel":1,"minecraft:stone_pickaxe":8,"minecraft:stone_axe":1,"minecraft:stone_shovel":11,"minecraft:iron_axe":2,"minecraft:iron_pickaxe":2},"minecraft:mined":{"botania:mana_pool":3,"minecraft:spruce_planks":12,"minecraft:white_bed":20,"botania:red_mystical_flower":17,"minecraft:cherry_log":44,"mahoutsukai:spell_cloth":3,"botania:pink_double_flower":1,"minecraft:obsidian":29,"minecraft:granite":42,"minecraft:red_sand":1,"botania:livingwood_log":50,"minecraft:acacia_log":175,"minecraft:grass_block":542,"gobber2:gobber2_ore_deepslate":38,"gobber2:gobber2_lucky_block":92,"minecraft:jungle_log":10,"minecraft:oxeye_daisy":1,"minecraft:acacia_pressure_plate":3,"botania:light_gray_mystical_flower":9,"botania:purple_mystical_flower":24,"gobber2:gobber2_ore":3,"minecraft:iron_ore":25,"minecraft:cobbled_deepslate":17,"gobber2:gobber2_ore_nether":12,"botania:lime_double_flower":2,"minecraft:fletching_table":9,"minecraft:deepslate_lapis_ore":6,"minecraft:azure_bluet":2,"minecraft:dirt_path":115,"minecraft:iron_bars":12,"minecraft:potted_cornflower":6,"botania:brown_mystical_flower":28,"botania:light_blue_mystical_flower":28,"minecraft:orange_bed":3,"botania:green_mystical_flower":16,"minecraft:deepslate_redstone_ore":19,"minecraft:cut_sandstone":10,"botania:orange_mystical_flower":22,"botania:diluted_pool":1,"minecraft:soul_fire":5,"minecraft:orange_terracotta":3,"minecraft:clay":7,"minecraft:torch":15,"minecraft:light_gray_terracotta":27,"minecraft:blast_furnace":4,"minecraft:poppy":8,"minecraft:melon":14,"gobber2:gobber2_lucky_block_nether":1,"mahoutsukai:mahoujin":3,"minecraft:nether_quartz_ore":22,"botania:endoflame":13,"minecraft:cobblestone":25,"botania:blue_mystical_flower":21,"minecraft:oak_planks":9,"minecraft:sugar_cane":22,"botania:blue_double_flower":3,"botania:black_mystical_flower":10,"minecraft:wall_torch":58,"minecraft:seagrass":1,"minecraft:white_terracotta":27,"ars_nouveau:green_archwood_sapling":2,"minecraft:tnt":49,"minecraft:stone_brick_stairs":20,"minecraft:grass":375,"minecraft:oak_log":38,"minecraft:acacia_fence":8,"minecraft:sand":1,"minecraft:dirt":508,"minecraft:stonecutter":1,"minecraft:netherrack":30,"minecraft:oak_leaves":7,"minecraft:deepslate":1382,"minecraft:crying_obsidian":3,"minecraft:tuff":19,"botania:orange_double_flower":1,"minecraft:deepslate_diamond_ore":14,"minecraft:jungle_planks":3,"minecraft:crimson_roots":2,"botania:brown_double_flower":1,"botania:cyan_double_flower":2,"minecraft:redstone_wire":1,"botania:redstone_spreader":5,"minecraft:sandstone":9,"minecraft:redstone_ore":8,"botania:magenta_mystical_flower":11,"minecraft:furnace":6,"minecraft:carrots":1,"minecraft:suspicious_sand":1,"minecraft:andesite":26,"minecraft:gold_block":4,"minecraft:bookshelf":69,"minecraft:deepslate_iron_ore":27,"minecraft:cobblestone_slab":43,"minecraft:vine":2,"botania:livingrock":59,"botania:pure_daisy":7,"minecraft:packed_ice":2,"botania:mana_spreader":2,"minecraft:stone":740,"botania:light_blue_double_flower":2,"minecraft:bone_block":24,"minecraft:oak_slab":1,"minecraft:acacia_leaves":1,"botania:lime_mystical_flower":25,"ars_nouveau:green_archwood_log":384,"minecraft:potted_lily_of_the_valley":19,"minecraft:stone_brick_slab":5,"minecraft:dandelion":1,"minecraft:crafting_table":8,"minecraft:lectern":93,"minecraft:copper_ore":8,"minecraft:tall_grass":72,"minecraft:lapis_ore":13,"minecraft:deepslate_gold_ore":51,"botania:white_double_flower":1,"minecraft:diorite":147,"botania:pink_mystical_flower":23,"botania:cyan_mystical_flower":9,"botania:red_double_flower":2,"botania:open_crate":1,"minecraft:white_carpet":1,"gobber2:gobber2_lucky_block_deepslate":22,"botania:white_mystical_flower":30,"minecraft:coal_ore":279,"botania:yellow_mystical_flower":12,"minecraft:sunflower":3,"minecraft:gravel":169,"minecraft:cobweb":1,"minecraft:acacia_planks":37,"minecraft:stone_bricks":29,"minecraft:gold_ore":4,"minecraft:fern":9},"minecraft:killed":{"minecraft:zombified_piglin":3,"minecraft:spider":7,"minecraft:skeleton":5,"minecraft:chicken":10,"minecraft:turtle":1,"minecraft:pig":8,"minecraft:sheep":11,"minecraft:trader_llama":12,"minecraft:zombie":18,"minecraft:donkey":1,"minecraft:cow":11,"minecraft:slime":1,"minecraft:horse":5,"minecraft:drowned":4,"minecraft:husk":5,"minecraft:rabbit":1,"minecraft:wandering_trader":3,"minecraft:enderman":1},"minecraft:dropped":{"minecraft:iron_sword":1,"gobber2:gobber2_glob_nether":2,"minecraft:diamond":6,"botania:livingrock_slab":1,"minecraft:jungle_planks":3,"minecraft:emerald":2,"minecraft:dirt":43,"minecraft:amethyst_shard":15,"botania:white_petal":20,"minecraft:gold_ingot":1,"minecraft:gravel":64,"minecraft:cobbled_deepslate":129,"botania:diluted_pool":1,"botania:brown_petal":14,"minecraft:iron_ingot":6,"minecraft:wheat_seeds":12,"gobber2:gobber2_globette_nether":3,"botania:red_petal":7,"minecraft:cobblestone":8,"minecraft:coal":30,"minecraft:golden_apple":10,"minecraft:coal_block":3,"ars_nouveau:worn_notebook":1,"mahoutsukai:scroll_projection":1,"minecraft:iron_axe":2,"botania:light_gray_petal":7,"minecraft:ender_eye":1,"minecraft:flint_and_steel":1,"gobber2:gobber2_pickaxe":3,"botania:blue_petal":2},"minecraft:crafted":{"minecraft:brick":4,"minecraft:jungle_button":1,"minecraft:oak_planks":172,"minecraft:smooth_stone":23,"botania:livingwood_planks":12,"ars_nouveau:archwood_planks":1056,"minecraft:acacia_pressure_plate":3,"botania:purple_petal":8,"botania:mana_pylon":2,"minecraft:cooked_chicken":5,"botania:mana_pool":2,"mahoutsukai:mortar":1,"botania:livingrock_slab":6,"minecraft:stone":383,"waystones:warp_plate":1,"minecraft:bookshelf":35,"mahoutsukai:dagger":1,"botania:red_petal":10,"mahoutsukai:powdered_iron":4,"minecraft:stone_brick_slab":22,"botania:twig_wand":1,"minecraft:iron_boots":1,"minecraft:chest":14,"mahoutsukai:hammer":1,"minecraft:acacia_fence":201,"gobber2:gobber2_pickaxe":1,"minecraft:magenta_dye":6,"minecraft:ender_eye":3,"botania:light_gray_petal":10,"minecraft:golden_boots":1,"minecraft:emerald":58,"sophisticatedbackpacks:backpack":1,"gobber2:gobber2_ingot":18,"gobber2:gobber2_glob_nether":1,"minecraft:crafting_table":9,"gobber2:gobber2_hammer":1,"minecraft:wooden_pickaxe":1,"gobber2:gobber2_rod":10,"mahoutsukai:pestle":1,"minecraft:fletching_table":4,"botania:livingwood_twig":3,"minecraft:campfire":2,"mahoutsukai:spell_cloth":16,"botania:open_crate":1,"botania:runic_altar":1,"minecraft:stone_brick_stairs":18,"minecraft:lectern":4,"ars_nouveau:ritual_burrowing":1,"minecraft:iron_chestplate":1,"minecraft:paper":180,"minecraft:charcoal":23,"minecraft:purple_dye":4,"minecraft:shield":1,"mahoutsukai:powdered_diamond":7,"minecraft:stick":1840,"minecraft:iron_ingot":61,"minecraft:iron_pickaxe":2,"minecraft:gold_ingot":91,"botania:apothecary_default":1,"ars_nouveau:scribes_table":1,"mahoutsukai:powdered_quartz":3,"botania:brown_petal":14,"minecraft:stone_shovel":16,"minecraft:coal":54,"mahoutsukai:guidebook":1,"minecraft:iron_nugget":36,"mahoutsukai:powdered_emerald":2,"mahoutsukai:powdered_eye":4,"minecraft:furnace":9,"minecraft:blast_furnace":2,"botania:blue_petal":2,"minecraft:bone_meal":216,"ars_nouveau:archwood_slab":60,"minecraft:pink_dye":34,"minecraft:white_carpet":3,"gobber2:gobber2_glob":6,"minecraft:lantern":4,"minecraft:diamond":1,"botania:white_petal":8,"minecraft:stone_pickaxe":9,"botania:diluted_pool":1,"mahoutsukai:powdered_gold":2,"sophisticatedbackpacks:iron_backpack":1,"minecraft:wheat":99,"botania:redstone_spreader":2,"minecraft:coal_block":26,"botania:pink_petal":4,"minecraft:red_dye":5,"mahoutsukai:mortar_and_pestle":1,"minecraft:enchanting_table":1,"botania:mana_spreader":2,"botania:lexicon":1,"minecraft:bucket":1,"minecraft:stone_axe":2,"minecraft:glowstone":4,"minecraft:enchanted_book":2,"minecraft:air":0,"minecraft:acacia_boat":1,"minecraft:bread":38,"minecraft:jungle_planks":40,"gobber2:gobber2_staff_ensnarement":3,"botania:orange_petal":4,"minecraft:golden_apple":12,"minecraft:gold_nugget":9,"botania:magenta_petal":6,"minecraft:wooden_axe":1,"minecraft:stonecutter":1,"waystones:warp_dust":4,"minecraft:white_bed":1,"minecraft:acacia_planks":500,"minecraft:torch":284}},"DataVersion":3465}