{"stats":{"minecraft:broken":{"minecraft:stone_pickaxe":6,"minecraft:iron_axe":1,"minecraft:stone_shovel":11},"minecraft:used":{"gobber2:gobber2_goo":4,"minecraft:flint_and_steel":4,"minecraft:stone_shovel":1637,"gobber2:gobber2_gooey_bread":2,"minecraft:chest":3,"minecraft:iron_sword":3,"minecraft:cooked_chicken":9,"minecraft:torch":123,"minecraft:dirt":224,"minecraft:white_carpet":3,"minecraft:jungle_planks":3,"minecraft:bookshelf":20,"minecraft:iron_axe":289,"minecraft:stone_brick_stairs":7,"gobber2:gobber2_gooey_beef":3,"minecraft:furnace":10,"minecraft:acacia_fence":123,"minecraft:cobbled_deepslate":57,"minecraft:water_bucket":7,"minecraft:stone_pickaxe":805,"minecraft:wooden_pickaxe":15,"minecraft:stonecutter":1,"minecraft:sugar_cane":9,"minecraft:jungle_boat":7,"minecraft:tnt":4,"minecraft:crafting_table":10,"minecraft:white_bed":4,"minecraft:bread":9,"minecraft:iron_pickaxe":180,"minecraft:melon_slice":40,"minecraft:stone_axe":113,"minecraft:cobblestone":18,"minecraft:andesite":4,"minecraft:bucket":7},"minecraft:custom":{"lootr:looted_stat":14,"minecraft:mob_kills":36,"minecraft:interact_with_crafting_table":69,"minecraft:damage_dealt_resisted":0,"minecraft:leave_game":17,"minecraft:time_since_death":219006,"minecraft:climb_one_cm":48,"minecraft:sprint_one_cm":587464,"minecraft:walk_one_cm":419754,"minecraft:drop":4,"minecraft:talked_to_villager":7,"minecraft:play_time":232279,"minecraft:deaths":1,"minecraft:sneak_time":1526,"minecraft:walk_under_water_one_cm":1615,"minecraft:boat_one_cm":37395,"minecraft:jump":3088,"minecraft:walk_on_water_one_cm":4842,"minecraft:total_world_time":232279,"minecraft:interact_with_furnace":34,"minecraft:interact_with_stonecutter":5,"minecraft:sleep_in_bed":11,"minecraft:time_since_rest":10062,"minecraft:damage_taken":1072,"minecraft:damage_absorbed":29,"minecraft:damage_dealt":4410,"minecraft:swim_one_cm":7954,"minecraft:fly_one_cm":658080,"minecraft:open_chest":107,"minecraft:crouch_one_cm":1514,"minecraft:fall_one_cm":78429},"minecraft:dropped":{"minecraft:jungle_planks":3,"minecraft:dirt":43},"minecraft:killed":{"minecraft:chicken":9,"minecraft:pig":3,"minecraft:wandering_trader":2,"minecraft:sheep":6,"minecraft:trader_llama":4,"minecraft:zombie":1,"minecraft:cow":11},"minecraft:mined":{"minecraft:tuff":11,"minecraft:spruce_planks":2,"minecraft:white_bed":4,"minecraft:deepslate_diamond_ore":3,"minecraft:granite":13,"minecraft:red_sand":1,"minecraft:acacia_log":136,"minecraft:grass_block":532,"minecraft:jungle_planks":3,"gobber2:gobber2_lucky_block":22,"minecraft:jungle_log":10,"minecraft:oxeye_daisy":1,"minecraft:sandstone":9,"minecraft:redstone_ore":6,"minecraft:furnace":2,"minecraft:iron_ore":9,"minecraft:cobbled_deepslate":6,"minecraft:andesite":13,"minecraft:azure_bluet":2,"minecraft:bookshelf":21,"minecraft:vine":2,"minecraft:dirt_path":63,"minecraft:iron_bars":2,"minecraft:potted_cornflower":1,"botania:brown_mystical_flower":7,"minecraft:stone":298,"minecraft:cut_sandstone":10,"minecraft:potted_lily_of_the_valley":5,"minecraft:orange_terracotta":3,"minecraft:dandelion":1,"minecraft:crafting_table":7,"minecraft:torch":2,"minecraft:light_gray_terracotta":27,"minecraft:poppy":6,"minecraft:melon":14,"minecraft:lectern":1,"minecraft:cobblestone":1,"minecraft:tall_grass":24,"minecraft:copper_ore":8,"botania:blue_mystical_flower":4,"minecraft:lapis_ore":8,"minecraft:sugar_cane":3,"minecraft:oak_planks":5,"botania:blue_double_flower":1,"minecraft:diorite":56,"minecraft:wall_torch":20,"minecraft:white_terracotta":27,"minecraft:white_carpet":1,"minecraft:tnt":21,"gobber2:gobber2_lucky_block_deepslate":4,"minecraft:grass":111,"minecraft:oak_log":32,"minecraft:coal_ore":135,"minecraft:acacia_fence":6,"minecraft:dirt":434,"minecraft:oak_leaves":3,"minecraft:deepslate":248,"minecraft:fern":9},"minecraft:picked_up":{"minecraft:crafting_table":7,"minecraft:azure_bluet":2,"minecraft:chicken":9,"minecraft:flower_pot":4,"minecraft:lead":6,"minecraft:cornflower":1,"minecraft:raw_copper":27,"minecraft:item_frame":1,"minecraft:white_carpet":1,"minecraft:red_sand":1,"minecraft:cobbled_deepslate":308,"minecraft:spruce_planks":2,"minecraft:beef":19,"minecraft:jungle_sapling":2,"minecraft:poppy":6,"minecraft:lectern":1,"minecraft:sugar_cane":18,"minecraft:melon_slice":69,"minecraft:furnace":2,"minecraft:egg":12,"apotheosis:gem":4,"minecraft:stick":46,"minecraft:raw_iron":9,"minecraft:sandstone":9,"minecraft:acacia_fence":6,"minecraft:torch":30,"minecraft:acacia_log":129,"minecraft:porkchop":5,"minecraft:diorite":87,"minecraft:redstone":28,"minecraft:stone_pressure_plate":1,"gobber2:gobber2_foo":2,"minecraft:tnt":21,"minecraft:rotten_flesh":1,"botania:blue_mystical_flower":4,"minecraft:white_terracotta":27,"botania:blue_double_flower":1,"minecraft:mutton":8,"minecraft:iron_bars":2,"minecraft:white_wool":6,"minecraft:cobblestone":330,"minecraft:oxeye_daisy":1,"minecraft:feather":9,"minecraft:jungle_boat":7,"minecraft:jungle_log":10,"minecraft:andesite":13,"minecraft:leather":15,"minecraft:cut_sandstone":10,"minecraft:tuff":11,"minecraft:oak_log":32,"minecraft:lapis_lazuli":52,"minecraft:dirt":1094,"minecraft:orange_terracotta":3,"minecraft:apple":1,"gobber2:gobber2_gooey_beef":3,"minecraft:wheat_seeds":34,"gobber2:gobber2_globette":16,"minecraft:acacia_sapling":43,"minecraft:oak_planks":53,"gobber2:gobber2_gooey_bread":8,"minecraft:book":63,"minecraft:dandelion":1,"minecraft:jungle_planks":6,"minecraft:white_bed":4,"minecraft:lily_of_the_valley":2,"minecraft:light_gray_terracotta":27,"minecraft:diamond":3,"minecraft:granite":13,"minecraft:oak_sapling":17,"botania:brown_mystical_flower":6,"gobber2:gobber2_goo":13,"minecraft:coal":134},"minecraft:crafted":{"minecraft:jungle_button":1,"minecraft:oak_planks":148,"minecraft:stone_shovel":15,"mahoutsukai:guidebook":1,"minecraft:cooked_chicken":5,"minecraft:furnace":8,"minecraft:stone":22,"minecraft:bookshelf":21,"minecraft:white_carpet":3,"gobber2:gobber2_glob":1,"minecraft:stone_pickaxe":6,"minecraft:chest":4,"minecraft:acacia_fence":201,"minecraft:wheat":99,"minecraft:red_dye":5,"sophisticatedbackpacks:backpack":1,"gobber2:gobber2_ingot":3,"minecraft:crafting_table":4,"minecraft:wooden_pickaxe":1,"minecraft:bucket":1,"minecraft:stone_axe":1,"minecraft:bread":38,"minecraft:air":0,"minecraft:jungle_planks":40,"minecraft:iron_chestplate":1,"minecraft:paper":9,"minecraft:charcoal":23,"minecraft:golden_apple":2,"minecraft:shield":1,"minecraft:stick":160,"minecraft:iron_ingot":9,"minecraft:stonecutter":1,"minecraft:white_bed":1,"minecraft:acacia_planks":440,"minecraft:torch":124}},"DataVersion":3465}