{"stats":{"minecraft:custom":{"lootr:looted_stat":16,"minecraft:mob_kills":43,"minecraft:interact_with_crafting_table":81,"minecraft:damage_dealt_resisted":0,"minecraft:leave_game":18,"minecraft:time_since_death":303775,"minecraft:climb_one_cm":48,"minecraft:sprint_one_cm":851482,"minecraft:walk_one_cm":546329,"minecraft:drop":6,"minecraft:talked_to_villager":16,"minecraft:play_time":317048,"minecraft:sneak_time":2606,"minecraft:deaths":1,"minecraft:walk_under_water_one_cm":2408,"minecraft:boat_one_cm":171585,"minecraft:jump":4194,"minecraft:walk_on_water_one_cm":9633,"minecraft:total_world_time":317048,"minecraft:interact_with_furnace":47,"minecraft:interact_with_stonecutter":7,"minecraft:sleep_in_bed":16,"minecraft:time_since_rest":9034,"minecraft:damage_taken":1212,"minecraft:damage_absorbed":173,"minecraft:damage_dealt":5612,"minecraft:swim_one_cm":14026,"minecraft:fly_one_cm":915208,"minecraft:open_chest":135,"minecraft:crouch_one_cm":3365,"minecraft:fall_one_cm":101990},"minecraft:picked_up":{"minecraft:crafting_table":7,"minecraft:azure_bluet":2,"minecraft:chicken":9,"minecraft:flower_pot":8,"minecraft:lead":8,"botania:light_blue_double_flower":1,"minecraft:cornflower":2,"minecraft:raw_copper":27,"minecraft:flint_and_steel":1,"mahoutsukai:scroll_mystic_staff":1,"minecraft:item_frame":1,"minecraft:white_carpet":1,"botania:magenta_mystical_flower":3,"minecraft:red_sand":1,"minecraft:cobbled_deepslate":664,"minecraft:spruce_planks":3,"minecraft:beef":19,"ars_nouveau:mendosteen_pod":1,"minecraft:jungle_sapling":2,"minecraft:poppy":6,"minecraft:lectern":1,"minecraft:melon_slice":69,"minecraft:sugar_cane":18,"minecraft:furnace":2,"minecraft:egg":12,"minecraft:stick":55,"minecraft:raw_iron":15,"minecraft:sandstone":9,"apotheosis:gem":4,"minecraft:acacia_fence":6,"minecraft:torch":32,"botania:yellow_mystical_flower":4,"minecraft:acacia_log":168,"minecraft:porkchop":10,"minecraft:diorite":87,"minecraft:redstone":45,"minecraft:stone_pressure_plate":1,"botania:white_mystical_flower":8,"ars_nouveau:green_archwood_log":62,"gobber2:gobber2_foo":3,"minecraft:tnt":28,"minecraft:rotten_flesh":1,"botania:orange_double_flower":1,"botania:lime_mystical_flower":8,"botania:light_gray_mystical_flower":2,"botania:blue_mystical_flower":7,"minecraft:white_terracotta":27,"botania:blue_double_flower":2,"minecraft:obsidian":16,"botania:green_mystical_flower":2,"minecraft:mutton":9,"minecraft:iron_bars":2,"minecraft:cobblestone":330,"minecraft:white_wool":7,"minecraft:oxeye_daisy":1,"minecraft:jungle_boat":11,"minecraft:feather":9,"minecraft:andesite":13,"minecraft:jungle_log":10,"gobber2:gobber2_gooey_beefstew":1,"minecraft:cut_sandstone":10,"minecraft:leather":18,"minecraft:tuff":11,"minecraft:oak_log":38,"minecraft:lapis_lazuli":52,"minecraft:dirt":1095,"botania:light_blue_mystical_flower":8,"botania:black_mystical_flower":5,"minecraft:orange_terracotta":3,"ars_nouveau:green_archwood_sapling":5,"botania:cyan_mystical_flower":2,"minecraft:apple":2,"botania:pink_mystical_flower":10,"gobber2:gobber2_gooey_beef":7,"minecraft:wheat_seeds":36,"minecraft:raw_gold":6,"botania:purple_mystical_flower":7,"gobber2:gobber2_globette":20,"minecraft:acacia_sapling":54,"minecraft:oak_planks":53,"gobber2:gobber2_gooey_bread":11,"minecraft:book":105,"botania:red_mystical_flower":7,"botania:pink_double_flower":1,"minecraft:dandelion":1,"minecraft:jungle_planks":6,"minecraft:white_bed":6,"minecraft:lily_of_the_valley":6,"minecraft:light_gray_terracotta":27,"minecraft:diamond":9,"botania:orange_mystical_flower":8,"minecraft:granite":13,"minecraft:oak_sapling":20,"gobber2:gobber2_goo":15,"botania:brown_mystical_flower":10,"minecraft:coal":134},"minecraft:crafted":{"minecraft:jungle_button":1,"minecraft:oak_planks":172,"minecraft:stone_shovel":15,"mahoutsukai:guidebook":1,"botania:purple_petal":4,"minecraft:cooked_chicken":5,"minecraft:furnace":8,"minecraft:stone":22,"minecraft:bookshelf":21,"minecraft:white_carpet":3,"mahoutsukai:dagger":1,"gobber2:gobber2_glob":2,"minecraft:stone_pickaxe":9,"minecraft:chest":7,"mahoutsukai:hammer":1,"minecraft:acacia_fence":201,"mahoutsukai:powdered_gold":2,"gobber2:gobber2_pickaxe":1,"minecraft:magenta_dye":6,"minecraft:wheat":99,"botania:pink_petal":4,"minecraft:red_dye":5,"sophisticatedbackpacks:backpack":1,"gobber2:gobber2_ingot":6,"minecraft:crafting_table":5,"minecraft:wooden_pickaxe":1,"gobber2:gobber2_rod":2,"minecraft:bucket":1,"minecraft:stone_axe":2,"minecraft:air":0,"minecraft:bread":38,"mahoutsukai:spell_cloth":4,"minecraft:jungle_planks":40,"minecraft:iron_chestplate":1,"minecraft:paper":9,"minecraft:charcoal":23,"minecraft:golden_apple":2,"minecraft:purple_dye":4,"minecraft:shield":1,"mahoutsukai:powdered_diamond":1,"minecraft:stick":180,"minecraft:iron_ingot":15,"botania:magenta_petal":6,"minecraft:gold_ingot":6,"minecraft:stonecutter":1,"minecraft:white_bed":1,"minecraft:acacia_planks":492,"minecraft:torch":124},"minecraft:mined":{"minecraft:tuff":11,"minecraft:spruce_planks":4,"minecraft:white_bed":6,"botania:orange_double_flower":1,"minecraft:deepslate_diamond_ore":9,"botania:red_mystical_flower":7,"mahoutsukai:spell_cloth":3,"botania:pink_double_flower":1,"minecraft:obsidian":17,"minecraft:granite":13,"minecraft:red_sand":1,"minecraft:acacia_log":175,"minecraft:grass_block":532,"minecraft:jungle_planks":3,"gobber2:gobber2_lucky_block":22,"minecraft:jungle_log":10,"minecraft:oxeye_daisy":1,"minecraft:sandstone":9,"botania:light_gray_mystical_flower":2,"minecraft:redstone_ore":6,"botania:purple_mystical_flower":7,"botania:magenta_mystical_flower":3,"minecraft:furnace":2,"minecraft:iron_ore":9,"minecraft:cobbled_deepslate":8,"minecraft:andesite":13,"botania:lime_double_flower":1,"minecraft:azure_bluet":2,"minecraft:deepslate_iron_ore":6,"minecraft:bookshelf":35,"minecraft:dirt_path":63,"minecraft:vine":2,"minecraft:iron_bars":4,"minecraft:potted_cornflower":2,"botania:brown_mystical_flower":11,"botania:light_blue_double_flower":1,"minecraft:stone":298,"botania:light_blue_mystical_flower":8,"botania:green_mystical_flower":2,"minecraft:deepslate_redstone_ore":4,"minecraft:cut_sandstone":10,"botania:lime_mystical_flower":8,"botania:orange_mystical_flower":9,"ars_nouveau:green_archwood_log":62,"minecraft:potted_lily_of_the_valley":9,"minecraft:orange_terracotta":3,"minecraft:dandelion":1,"minecraft:crafting_table":7,"minecraft:torch":2,"minecraft:light_gray_terracotta":27,"minecraft:poppy":6,"minecraft:melon":14,"minecraft:lectern":1,"minecraft:copper_ore":8,"mahoutsukai:mahoujin":3,"minecraft:tall_grass":24,"minecraft:cobblestone":1,"botania:blue_mystical_flower":8,"minecraft:deepslate_gold_ore":6,"minecraft:lapis_ore":8,"minecraft:oak_planks":7,"minecraft:sugar_cane":3,"botania:black_mystical_flower":5,"botania:blue_double_flower":2,"minecraft:diorite":56,"minecraft:wall_torch":21,"botania:pink_mystical_flower":10,"minecraft:white_terracotta":27,"botania:cyan_mystical_flower":2,"botania:red_double_flower":2,"minecraft:white_carpet":1,"minecraft:tnt":29,"gobber2:gobber2_lucky_block_deepslate":15,"minecraft:grass":135,"minecraft:oak_log":38,"botania:white_mystical_flower":8,"minecraft:coal_ore":135,"botania:yellow_mystical_flower":4,"minecraft:acacia_fence":6,"minecraft:dirt":435,"minecraft:deepslate":561,"minecraft:oak_leaves":4,"minecraft:fern":9},"minecraft:used":{"mahoutsukai:spell_cloth":4,"gobber2:gobber2_goo":11,"minecraft:flint_and_steel":6,"minecraft:stone_shovel":1637,"gobber2:gobber2_gooey_bread":2,"minecraft:chest":6,"minecraft:iron_sword":3,"minecraft:cooked_chicken":9,"minecraft:torch":153,"minecraft:dirt":225,"minecraft:white_carpet":3,"minecraft:jungle_planks":3,"minecraft:bookshelf":20,"minecraft:iron_axe":465,"minecraft:stone_brick_stairs":7,"gobber2:gobber2_gooey_beef":3,"minecraft:furnace":10,"minecraft:acacia_fence":123,"minecraft:cobbled_deepslate":137,"minecraft:water_bucket":10,"gobber2:gobber2_pickaxe":17,"minecraft:stone_pickaxe":1072,"minecraft:wooden_pickaxe":15,"minecraft:stonecutter":1,"minecraft:sugar_cane":9,"minecraft:jungle_boat":11,"minecraft:tnt":6,"minecraft:crafting_table":11,"minecraft:white_bed":7,"minecraft:apple":1,"minecraft:iron_pickaxe":264,"minecraft:bread":17,"minecraft:melon_slice":40,"minecraft:stone_axe":153,"minecraft:cobblestone":18,"minecraft:andesite":4,"minecraft:bucket":10},"minecraft:broken":{"minecraft:stone_pickaxe":8,"minecraft:iron_axe":1,"minecraft:stone_shovel":11},"minecraft:dropped":{"minecraft:jungle_planks":3,"minecraft:emerald":1,"minecraft:dirt":43,"minecraft:flint_and_steel":1},"minecraft:killed":{"minecraft:chicken":9,"minecraft:pig":5,"minecraft:wandering_trader":2,"minecraft:sheep":8,"minecraft:trader_llama":6,"minecraft:zombie":1,"minecraft:donkey":1,"minecraft:cow":11}},"DataVersion":3465}